-7,-10,2UEXDVkEr8kLLhiP+MEfQfDSSbE=,nYBCD+7noFNbmWW0r7OZekFlWik=
-6,-10,bKYuGLoZXQBM3OSEY7Vseg3Csf4=,SSSWbUUuD5apZfqfl61P33wOWuU=
-6,-11,bKYuGLoZXQBM3OSEY7Vseg3Csf4=,fbvXiysCYIugRx096MEmrCeci+o=
-7,-11,bKYuGLoZXQBM3OSEY7Vseg3Csf4=,m814jUFaPt+pez+H1PiFl7RC2bc=
-7,-14,4OndKvq0z7lFEPrheFYNX3QmRw8=,GPdZNny9Ovzlcx92ZvW58KnsoJM=
-7,-13,4OndKvq0z7lFEPrheFYNX3QmRw8=,GPdZNny9Ovzlcx92ZvW58KnsoJM=
-6,-15,4OndKvq0z7lFEPrheFYNX3QmRw8=,hr5MW6EbMVRsMosMNGMsswaYZxw=
-7,-15,4OndKvq0z7lFEPrheFYNX3QmRw8=,9A5j2UJ+Ud6ACs+7Q641Vecv540=
-6,-14,4OndKvq0z7lFEPrheFYNX3QmRw8=,NkTcoih6bbW4Zpi7lN87vjMtn/k=
-6,-13,4OndKvq0z7lFEPrheFYNX3QmRw8=,NkTcoih6bbW4Zpi7lN87vjMtn/k=
-7,-12,4OndKvq0z7lFEPrheFYNX3QmRw8=,m814jUFaPt+pez+H1PiFl7RC2bc=
-6,-12,4OndKvq0z7lFEPrheFYNX3QmRw8=,fbvXiysCYIugRx096MEmrCeci+o=
-12,-13,TR/FuqMEI+RtBdIsF2wlmxBwJN4=,tgbdQe3436HNhOPRALLTz3BRQBY=
-13,-13,TR/FuqMEI+RtBdIsF2wlmxBwJN4=,k5rL2kWIm7nZ/z/B9wR8FGYuj2U=
-13,-12,TR/FuqMEI+RtBdIsF2wlmxBwJN4=,L+5ODK6WXPLbAiW+zZ5gKjr5IFQ=
-12,-12,TR/FuqMEI+RtBdIsF2wlmxBwJN4=,WQQn/S0mtwyDaf+BizIVx9SaKrQ=
-13,-10,TR/FuqMEI+RtBdIsF2wlmxBwJN4=,503geYubbC1XDZ/Sjt35b+SQEHU=
-12,-10,TR/FuqMEI+RtBdIsF2wlmxBwJN4=,mAZyIBpAka1/hyA6J/bFIglDZP4=
-12,-11,TR/FuqMEI+RtBdIsF2wlmxBwJN4=,WQQn/S0mtwyDaf+BizIVx9SaKrQ=
-13,-11,TR/FuqMEI+RtBdIsF2wlmxBwJN4=,L+5ODK6WXPLbAiW+zZ5gKjr5IFQ=
-13,-8,z4uCamM6CPLTct7560maGj51WG8=,z7J8PwiNNKCgJzLEf5idbwysMEQ=
-13,-9,z4uCamM6CPLTct7560maGj51WG8=,503geYubbC1XDZ/Sjt35b+SQEHU=
-12,-9,z4uCamM6CPLTct7560maGj51WG8=,mAZyIBpAka1/hyA6J/bFIglDZP4=
-12,-8,z4uCamM6CPLTct7560maGj51WG8=,V4kLw4ix6HQ40GkbGR2sORTWAuU=
-10,-8,z4uCamM6CPLTct7560maGj51WG8=,VUlIH07VvdTKH0b/v3DHUfUAVzk=
-11,-8,z4uCamM6CPLTct7560maGj51WG8=,V4kLw4ix6HQ40GkbGR2sORTWAuU=
-10,-9,z4uCamM6CPLTct7560maGj51WG8=,YerM0U92Xtqv64DF4uhJoJHSgjk=
-11,-9,z4uCamM6CPLTct7560maGj51WG8=,mAZyIBpAka1/hyA6J/bFIglDZP4=
-8,-10,X2hlurmFJ5tuVxNzJ8Uu1qHv0po=,nYBCD+7noFNbmWW0r7OZekFlWik=
-8,-11,X2hlurmFJ5tuVxNzJ8Uu1qHv0po=,m814jUFaPt+pez+H1PiFl7RC2bc=
-8,-13,X2hlurmFJ5tuVxNzJ8Uu1qHv0po=,GPdZNny9Ovzlcx92ZvW58KnsoJM=
-9,-10,X2hlurmFJ5tuVxNzJ8Uu1qHv0po=,YerM0U92Xtqv64DF4uhJoJHSgjk=
-8,-12,X2hlurmFJ5tuVxNzJ8Uu1qHv0po=,m814jUFaPt+pez+H1PiFl7RC2bc=
-11,-11,CW7vaGWxw00eGzuylH1UR/wc8R8=,WQQn/S0mtwyDaf+BizIVx9SaKrQ=
-11,-10,CW7vaGWxw00eGzuylH1UR/wc8R8=,mAZyIBpAka1/hyA6J/bFIglDZP4=
-10,-12,CW7vaGWxw00eGzuylH1UR/wc8R8=,83MaBtxa2L8Jj5stztIZMDh2pVs=
-9,-12,CW7vaGWxw00eGzuylH1UR/wc8R8=,83MaBtxa2L8Jj5stztIZMDh2pVs=
-10,-10,qbf/fGXsbem5mOndQ0UCPiPpgCY=,YerM0U92Xtqv64DF4uhJoJHSgjk=
-11,-13,qbf/fGXsbem5mOndQ0UCPiPpgCY=,tgbdQe3436HNhOPRALLTz3BRQBY=
-11,-12,qbf/fGXsbem5mOndQ0UCPiPpgCY=,WQQn/S0mtwyDaf+BizIVx9SaKrQ=
-10,-11,qbf/fGXsbem5mOndQ0UCPiPpgCY=,83MaBtxa2L8Jj5stztIZMDh2pVs=
-9,-11,qbf/fGXsbem5mOndQ0UCPiPpgCY=,83MaBtxa2L8Jj5stztIZMDh2pVs=
-10,-13,qbf/fGXsbem5mOndQ0UCPiPpgCY=,cC7tsCfP3t3HUTdlrz9dLkTvp4Y=
-9,-13,qbf/fGXsbem5mOndQ0UCPiPpgCY=,cC7tsCfP3t3HUTdlrz9dLkTvp4Y=
-8,-9,qbf/fGXsbem5mOndQ0UCPiPpgCY=,nYBCD+7noFNbmWW0r7OZekFlWik=
-8,-8,qbf/fGXsbem5mOndQ0UCPiPpgCY=,+ioswt4Z8ErTKNrDB3aRdVDWc8o=
-9,-6,qbf/fGXsbem5mOndQ0UCPiPpgCY=,bW/dJPITxQq5VLDLxcKVsaJsR/8=
-8,-6,qbf/fGXsbem5mOndQ0UCPiPpgCY=,NzszDwfnwUw7FFhIcSeBj0/YR90=
-8,-7,qbf/fGXsbem5mOndQ0UCPiPpgCY=,+ioswt4Z8ErTKNrDB3aRdVDWc8o=
-9,-8,qbf/fGXsbem5mOndQ0UCPiPpgCY=,VUlIH07VvdTKH0b/v3DHUfUAVzk=
-9,-9,qbf/fGXsbem5mOndQ0UCPiPpgCY=,YerM0U92Xtqv64DF4uhJoJHSgjk=
-9,-7,qbf/fGXsbem5mOndQ0UCPiPpgCY=,VUlIH07VvdTKH0b/v3DHUfUAVzk=
-9,-5,3yRcN1D6nO9QQTMq380ht2T+FT0=,bW/dJPITxQq5VLDLxcKVsaJsR/8=
-9,-4,3yRcN1D6nO9QQTMq380ht2T+FT0=,3ipv2Qb1mlEsYAiVzSD6JeHE0Kg=
-8,-5,785WYcZfMZQtFlHfCdQ+/4aNsFs=,NzszDwfnwUw7FFhIcSeBj0/YR90=
-8,-4,785WYcZfMZQtFlHfCdQ+/4aNsFs=,gYdz8g0rDSn7IncClLxpXk3uIxo=
-8,-2,785WYcZfMZQtFlHfCdQ+/4aNsFs=,unLg9dFLdZkxRWMwK9GIS8zbkG0=
-9,-2,785WYcZfMZQtFlHfCdQ+/4aNsFs=,p6qKFphCFOFgjXxbmyi2uoif2eg=
-9,-3,785WYcZfMZQtFlHfCdQ+/4aNsFs=,3ipv2Qb1mlEsYAiVzSD6JeHE0Kg=
-8,-3,785WYcZfMZQtFlHfCdQ+/4aNsFs=,gYdz8g0rDSn7IncClLxpXk3uIxo=
-7,-2,8LCCzefM//44AQAbFBGPyALf+Ak=,unLg9dFLdZkxRWMwK9GIS8zbkG0=
-7,-3,8LCCzefM//44AQAbFBGPyALf+Ak=,gYdz8g0rDSn7IncClLxpXk3uIxo=
-6,-2,8LCCzefM//44AQAbFBGPyALf+Ak=,7KRcds6+Kr643jQhsHsHaS0wnLc=
-6,-3,8LCCzefM//44AQAbFBGPyALf+Ak=,szCMgR11SEnqK07g8pdlZ1hRJro=
-5,-3,2h2gpSfiUNeqJ4SkA9JYSm3gv64=,szCMgR11SEnqK07g8pdlZ1hRJro=
-5,-2,2h2gpSfiUNeqJ4SkA9JYSm3gv64=,7KRcds6+Kr643jQhsHsHaS0wnLc=
-4,-3,2h2gpSfiUNeqJ4SkA9JYSm3gv64=,zp1oTaCWdDWE2Iau24oUeIl4gZ0=
-4,-2,2h2gpSfiUNeqJ4SkA9JYSm3gv64=,EgvwF4YosHbYicIqZcmPGf6VVn0=
-3,-3,zh0+N2PDBRFBNISs26YKlZTqiUk=,zp1oTaCWdDWE2Iau24oUeIl4gZ0=
-2,-3,cRRPE0qZ0elI81U5dsymziScne0=,D/nocqssKF38YHlXd0Y6oARQFGw=
-3,-2,cRRPE0qZ0elI81U5dsymziScne0=,EgvwF4YosHbYicIqZcmPGf6VVn0=
-2,-4,cRRPE0qZ0elI81U5dsymziScne0=,D/nocqssKF38YHlXd0Y6oARQFGw=
-3,-5,cRRPE0qZ0elI81U5dsymziScne0=,WRl/l/bvSBWAqByHgwcZSyuov2Q=
-2,-2,cRRPE0qZ0elI81U5dsymziScne0=,xOFe87/ZmTbSM3623CcoNJyfWQc=
-2,-5,cRRPE0qZ0elI81U5dsymziScne0=,C8ZWFBvSpb6i8RW4yfRFCozR5WQ=
-3,-4,cRRPE0qZ0elI81U5dsymziScne0=,zp1oTaCWdDWE2Iau24oUeIl4gZ0=
-6,-5,S2ECsgZ+sB88keRjcLLm7c4EJrI=,e4pKeACW7HQCbaPHh/tm7EB+CuA=
-6,-4,S2ECsgZ+sB88keRjcLLm7c4EJrI=,szCMgR11SEnqK07g8pdlZ1hRJro=
-4,-4,S2ECsgZ+sB88keRjcLLm7c4EJrI=,zp1oTaCWdDWE2Iau24oUeIl4gZ0=
-7,-4,S2ECsgZ+sB88keRjcLLm7c4EJrI=,gYdz8g0rDSn7IncClLxpXk3uIxo=
-7,-5,S2ECsgZ+sB88keRjcLLm7c4EJrI=,NzszDwfnwUw7FFhIcSeBj0/YR90=
-4,-5,7NSq8JP+zxbgY1V4Ihy1h903V8E=,WRl/l/bvSBWAqByHgwcZSyuov2Q=
-6,-6,7NSq8JP+zxbgY1V4Ihy1h903V8E=,e4pKeACW7HQCbaPHh/tm7EB+CuA=
-5,-5,7NSq8JP+zxbgY1V4Ihy1h903V8E=,e4pKeACW7HQCbaPHh/tm7EB+CuA=
-5,-4,7NSq8JP+zxbgY1V4Ihy1h903V8E=,szCMgR11SEnqK07g8pdlZ1hRJro=
-7,-9,7NSq8JP+zxbgY1V4Ihy1h903V8E=,nYBCD+7noFNbmWW0r7OZekFlWik=
-4,-6,7NSq8JP+zxbgY1V4Ihy1h903V8E=,WRl/l/bvSBWAqByHgwcZSyuov2Q=
-5,-7,7NSq8JP+zxbgY1V4Ihy1h903V8E=,+BDGFY7jmYTjWHqxqgnqdnf4REU=
-6,-9,bH6vJzmmhxnRpS0aPJYJLQeXOT8=,SSSWbUUuD5apZfqfl61P33wOWuU=
-4,-7,bH6vJzmmhxnRpS0aPJYJLQeXOT8=,Wvx0dzt83fl3kj/IhIayow6/cYs=
-6,-8,bH6vJzmmhxnRpS0aPJYJLQeXOT8=,+BDGFY7jmYTjWHqxqgnqdnf4REU=
-7,-8,bH6vJzmmhxnRpS0aPJYJLQeXOT8=,+ioswt4Z8ErTKNrDB3aRdVDWc8o=
-5,-6,bH6vJzmmhxnRpS0aPJYJLQeXOT8=,e4pKeACW7HQCbaPHh/tm7EB+CuA=
-6,-7,bH6vJzmmhxnRpS0aPJYJLQeXOT8=,+BDGFY7jmYTjWHqxqgnqdnf4REU=
-7,-6,bH6vJzmmhxnRpS0aPJYJLQeXOT8=,NzszDwfnwUw7FFhIcSeBj0/YR90=
-7,-7,bH6vJzmmhxnRpS0aPJYJLQeXOT8=,+ioswt4Z8ErTKNrDB3aRdVDWc8o=
-2,-7,bH6vJzmmhxnRpS0aPJYJLQeXOT8=,PvGJBowAyYFu7SfHaAkG6uSG9MA=
-2,-6,bH6vJzmmhxnRpS0aPJYJLQeXOT8=,C8ZWFBvSpb6i8RW4yfRFCozR5WQ=
-3,-6,bH6vJzmmhxnRpS0aPJYJLQeXOT8=,WRl/l/bvSBWAqByHgwcZSyuov2Q=
-3,-7,bH6vJzmmhxnRpS0aPJYJLQeXOT8=,Wvx0dzt83fl3kj/IhIayow6/cYs=
-4,-8,unqU+JK/FWsbTmpSIhPhHK670zs=,Wvx0dzt83fl3kj/IhIayow6/cYs=
-3,-9,unqU+JK/FWsbTmpSIhPhHK670zs=,osMqRocxHjVSh9Ppfz0Ox1Xw2o4=
-2,-8,unqU+JK/FWsbTmpSIhPhHK670zs=,PvGJBowAyYFu7SfHaAkG6uSG9MA=
-3,-8,unqU+JK/FWsbTmpSIhPhHK670zs=,Wvx0dzt83fl3kj/IhIayow6/cYs=
-4,-9,unqU+JK/FWsbTmpSIhPhHK670zs=,osMqRocxHjVSh9Ppfz0Ox1Xw2o4=
-5,-9,MjAR8n8TRnVcL40yc4UwMQcHPUQ=,SSSWbUUuD5apZfqfl61P33wOWuU=
-5,-8,MjAR8n8TRnVcL40yc4UwMQcHPUQ=,+BDGFY7jmYTjWHqxqgnqdnf4REU=
-2,-9,MjAR8n8TRnVcL40yc4UwMQcHPUQ=,Z19H9tXTCR4z8laTp9gEcQO5OoM=
-5,-10,MjAR8n8TRnVcL40yc4UwMQcHPUQ=,SSSWbUUuD5apZfqfl61P33wOWuU=
-4,-11,MjAR8n8TRnVcL40yc4UwMQcHPUQ=,3a5GDqHmj/0og1fL28ruA3L7Bsw=
-4,-10,MjAR8n8TRnVcL40yc4UwMQcHPUQ=,osMqRocxHjVSh9Ppfz0Ox1Xw2o4=
-5,-11,MjAR8n8TRnVcL40yc4UwMQcHPUQ=,fbvXiysCYIugRx096MEmrCeci+o=
-3,-11,MjAR8n8TRnVcL40yc4UwMQcHPUQ=,3a5GDqHmj/0og1fL28ruA3L7Bsw=
-2,-11,MjAR8n8TRnVcL40yc4UwMQcHPUQ=,zkzJ44NWE9sO7COON9cF7RbJpEE=
-3,-10,MjAR8n8TRnVcL40yc4UwMQcHPUQ=,osMqRocxHjVSh9Ppfz0Ox1Xw2o4=
-2,-10,MjAR8n8TRnVcL40yc4UwMQcHPUQ=,Z19H9tXTCR4z8laTp9gEcQO5OoM=
-4,-12,lfStfdNbnM4hii8zmsgxIWhtSJ8=,3a5GDqHmj/0og1fL28ruA3L7Bsw=
-3,-13,lfStfdNbnM4hii8zmsgxIWhtSJ8=,TroBJGgzrpG97Kb/qw+3+mra7WI=
-5,-13,lfStfdNbnM4hii8zmsgxIWhtSJ8=,NkTcoih6bbW4Zpi7lN87vjMtn/k=
-2,-12,TxvkD6p+0ei26WBMf3s1YP5lgdw=,zkzJ44NWE9sO7COON9cF7RbJpEE=
-2,-13,TxvkD6p+0ei26WBMf3s1YP5lgdw=,VjAyt5E3LYaK/0YNxi9vKiQXCis=
-3,-12,TxvkD6p+0ei26WBMf3s1YP5lgdw=,3a5GDqHmj/0og1fL28ruA3L7Bsw=
-4,-13,TxvkD6p+0ei26WBMf3s1YP5lgdw=,TroBJGgzrpG97Kb/qw+3+mra7WI=
-4,-14,TxvkD6p+0ei26WBMf3s1YP5lgdw=,TroBJGgzrpG97Kb/qw+3+mra7WI=
-5,-12,TxvkD6p+0ei26WBMf3s1YP5lgdw=,fbvXiysCYIugRx096MEmrCeci+o=
-5,-14,TxvkD6p+0ei26WBMf3s1YP5lgdw=,NkTcoih6bbW4Zpi7lN87vjMtn/k=
-5,-15,TxvkD6p+0ei26WBMf3s1YP5lgdw=,hr5MW6EbMVRsMosMNGMsswaYZxw=
-4,-15,TxvkD6p+0ei26WBMf3s1YP5lgdw=,2R+taRquAzsSn3KgP8RUi2Tve7E=
-3,-14,TxvkD6p+0ei26WBMf3s1YP5lgdw=,TroBJGgzrpG97Kb/qw+3+mra7WI=
-2,-14,TxvkD6p+0ei26WBMf3s1YP5lgdw=,VjAyt5E3LYaK/0YNxi9vKiQXCis=
-2,-15,TxvkD6p+0ei26WBMf3s1YP5lgdw=,qBPmIy8t9LjOK92oYkX1tUe3bO8=
-3,-15,TxvkD6p+0ei26WBMf3s1YP5lgdw=,2R+taRquAzsSn3KgP8RUi2Tve7E=
-3,-16,TxvkD6p+0ei26WBMf3s1YP5lgdw=,2R+taRquAzsSn3KgP8RUi2Tve7E=
-2,-16,VFR9BeCEDxhgwUwa//0hl6rHwLI=,qBPmIy8t9LjOK92oYkX1tUe3bO8=
-4,-16,VFR9BeCEDxhgwUwa//0hl6rHwLI=,2R+taRquAzsSn3KgP8RUi2Tve7E=
-5,-16,VFR9BeCEDxhgwUwa//0hl6rHwLI=,hr5MW6EbMVRsMosMNGMsswaYZxw=
-7,-16,t1cGEoOaJ6DJc16zfaSAf0IL+jo=,9A5j2UJ+Ud6ACs+7Q641Vecv540=
-6,-16,t1cGEoOaJ6DJc16zfaSAf0IL+jo=,hr5MW6EbMVRsMosMNGMsswaYZxw=
-8,-14,m7h/9Ax+DkGAzOyuj6xfT2nz1Gg=,GPdZNny9Ovzlcx92ZvW58KnsoJM=
-11,-15,m7h/9Ax+DkGAzOyuj6xfT2nz1Gg=,s5iKUwKzMk6xhC8mIjXfNGACSDw=
-10,-15,UwiM4zzNXFgfDr0uXf7vikuXym0=,utas7gxukBQ302BMUTiOtPBaE10=
-12,-15,UwiM4zzNXFgfDr0uXf7vikuXym0=,s5iKUwKzMk6xhC8mIjXfNGACSDw=
-11,-14,UwiM4zzNXFgfDr0uXf7vikuXym0=,tgbdQe3436HNhOPRALLTz3BRQBY=
-10,-14,UwiM4zzNXFgfDr0uXf7vikuXym0=,cC7tsCfP3t3HUTdlrz9dLkTvp4Y=
-9,-15,UwiM4zzNXFgfDr0uXf7vikuXym0=,utas7gxukBQ302BMUTiOtPBaE10=
-9,-14,UwiM4zzNXFgfDr0uXf7vikuXym0=,cC7tsCfP3t3HUTdlrz9dLkTvp4Y=
-13,-15,UwiM4zzNXFgfDr0uXf7vikuXym0=,7ah/UAxrKS4mkrx+UkqqkacyI9g=
-8,-15,UwiM4zzNXFgfDr0uXf7vikuXym0=,9A5j2UJ+Ud6ACs+7Q641Vecv540=
-12,-14,UwiM4zzNXFgfDr0uXf7vikuXym0=,tgbdQe3436HNhOPRALLTz3BRQBY=
-13,-14,UwiM4zzNXFgfDr0uXf7vikuXym0=,k5rL2kWIm7nZ/z/B9wR8FGYuj2U=
-14,-13,1zEo805iG83Oup5vUNgsOp0f8rs=,k5rL2kWIm7nZ/z/B9wR8FGYuj2U=
-15,-12,1zEo805iG83Oup5vUNgsOp0f8rs=,prykS9HsASWq+kipAquhL7IN9mo=
-14,-11,1zEo805iG83Oup5vUNgsOp0f8rs=,L+5ODK6WXPLbAiW+zZ5gKjr5IFQ=
-15,-14,ikqOhiHev+duQWeIOQUENX+iI6E=,C88zWdpiHpntzq+y822N4HwBZmY=
-15,-15,ikqOhiHev+duQWeIOQUENX+iI6E=,8GKlA/eqCb2RBGJTQQiIF3KUCrY=
-14,-14,ikqOhiHev+duQWeIOQUENX+iI6E=,k5rL2kWIm7nZ/z/B9wR8FGYuj2U=
-15,-11,ikqOhiHev+duQWeIOQUENX+iI6E=,prykS9HsASWq+kipAquhL7IN9mo=
-15,-13,ikqOhiHev+duQWeIOQUENX+iI6E=,C88zWdpiHpntzq+y822N4HwBZmY=
-14,-15,ikqOhiHev+duQWeIOQUENX+iI6E=,7ah/UAxrKS4mkrx+UkqqkacyI9g=
-15,-10,ikqOhiHev+duQWeIOQUENX+iI6E=,EqRuWQhDgKETAvqgpRWBkPK8fTk=
-14,-12,ikqOhiHev+duQWeIOQUENX+iI6E=,L+5ODK6WXPLbAiW+zZ5gKjr5IFQ=
-14,-9,ikqOhiHev+duQWeIOQUENX+iI6E=,503geYubbC1XDZ/Sjt35b+SQEHU=
-15,-8,ikqOhiHev+duQWeIOQUENX+iI6E=,HH+UE/MGwvvrOZQCepf8bVRI5vY=
-15,-9,ikqOhiHev+duQWeIOQUENX+iI6E=,EqRuWQhDgKETAvqgpRWBkPK8fTk=
-14,-8,ikqOhiHev+duQWeIOQUENX+iI6E=,z7J8PwiNNKCgJzLEf5idbwysMEQ=
-14,-10,ikqOhiHev+duQWeIOQUENX+iI6E=,503geYubbC1XDZ/Sjt35b+SQEHU=
-16,-13,qY2lNkVYY7FzMxNX/klreo+c3po=,C88zWdpiHpntzq+y822N4HwBZmY=
-16,-11,qY2lNkVYY7FzMxNX/klreo+c3po=,prykS9HsASWq+kipAquhL7IN9mo=
-16,-12,qY2lNkVYY7FzMxNX/klreo+c3po=,prykS9HsASWq+kipAquhL7IN9mo=
-16,-10,qY2lNkVYY7FzMxNX/klreo+c3po=,EqRuWQhDgKETAvqgpRWBkPK8fTk=
-16,-9,qY2lNkVYY7FzMxNX/klreo+c3po=,EqRuWQhDgKETAvqgpRWBkPK8fTk=
-16,-8,qY2lNkVYY7FzMxNX/klreo+c3po=,HH+UE/MGwvvrOZQCepf8bVRI5vY=
-15,-7,rdZL7bwCZ5DiYAt6vqvwCdsUNF8=,HH+UE/MGwvvrOZQCepf8bVRI5vY=
-15,-6,rdZL7bwCZ5DiYAt6vqvwCdsUNF8=,+xAZv83bFHL60vDI16kTbciOU3s=
-14,-6,rdZL7bwCZ5DiYAt6vqvwCdsUNF8=,LBH8ppWpfel6BPFuwEX8AAjOMbM=
-14,-7,rdZL7bwCZ5DiYAt6vqvwCdsUNF8=,z7J8PwiNNKCgJzLEf5idbwysMEQ=
-14,-5,rdZL7bwCZ5DiYAt6vqvwCdsUNF8=,LBH8ppWpfel6BPFuwEX8AAjOMbM=
-14,-4,rdZL7bwCZ5DiYAt6vqvwCdsUNF8=,N6kmupvkbyrUlPPPZbsaPIxMRlk=
-15,-4,rdZL7bwCZ5DiYAt6vqvwCdsUNF8=,56sr5z9n/SXdYYvX+ZC8sm7Siyk=
-15,-5,rdZL7bwCZ5DiYAt6vqvwCdsUNF8=,+xAZv83bFHL60vDI16kTbciOU3s=
-13,-7,JrZ/xL9CBSC65LNci4CrEW5ZluE=,z7J8PwiNNKCgJzLEf5idbwysMEQ=
-12,-6,JrZ/xL9CBSC65LNci4CrEW5ZluE=,AD3JHWNpsS+kkFGl+ivfedlCTbA=
-10,-6,JrZ/xL9CBSC65LNci4CrEW5ZluE=,bW/dJPITxQq5VLDLxcKVsaJsR/8=
-12,-7,JrZ/xL9CBSC65LNci4CrEW5ZluE=,V4kLw4ix6HQ40GkbGR2sORTWAuU=
-10,-7,JrZ/xL9CBSC65LNci4CrEW5ZluE=,VUlIH07VvdTKH0b/v3DHUfUAVzk=
-11,-7,JrZ/xL9CBSC65LNci4CrEW5ZluE=,V4kLw4ix6HQ40GkbGR2sORTWAuU=
-11,-6,JrZ/xL9CBSC65LNci4CrEW5ZluE=,AD3JHWNpsS+kkFGl+ivfedlCTbA=
-13,-6,JrZ/xL9CBSC65LNci4CrEW5ZluE=,LBH8ppWpfel6BPFuwEX8AAjOMbM=
-10,-5,51BNmBYvb/vbkU5miH7xxQ41ya0=,bW/dJPITxQq5VLDLxcKVsaJsR/8=
-12,-5,51BNmBYvb/vbkU5miH7xxQ41ya0=,AD3JHWNpsS+kkFGl+ivfedlCTbA=
-10,-4,51BNmBYvb/vbkU5miH7xxQ41ya0=,3ipv2Qb1mlEsYAiVzSD6JeHE0Kg=
-13,-5,51BNmBYvb/vbkU5miH7xxQ41ya0=,LBH8ppWpfel6BPFuwEX8AAjOMbM=
-10,-2,K2d0oKE6diuNa8HomdOxbgkTDy8=,p6qKFphCFOFgjXxbmyi2uoif2eg=
-10,-3,K2d0oKE6diuNa8HomdOxbgkTDy8=,3ipv2Qb1mlEsYAiVzSD6JeHE0Kg=
-11,-5,K2d0oKE6diuNa8HomdOxbgkTDy8=,AD3JHWNpsS+kkFGl+ivfedlCTbA=
-12,-2,K2d0oKE6diuNa8HomdOxbgkTDy8=,R0OlW/6h5TN5Omx/muB+jiWnn5U=
-13,-4,K2d0oKE6diuNa8HomdOxbgkTDy8=,N6kmupvkbyrUlPPPZbsaPIxMRlk=
-11,-3,K2d0oKE6diuNa8HomdOxbgkTDy8=,YvdtciZf2Gg0AA/fRHaOrB2H77E=
-11,-4,K2d0oKE6diuNa8HomdOxbgkTDy8=,YvdtciZf2Gg0AA/fRHaOrB2H77E=
-12,-3,K2d0oKE6diuNa8HomdOxbgkTDy8=,YvdtciZf2Gg0AA/fRHaOrB2H77E=
-12,-4,K2d0oKE6diuNa8HomdOxbgkTDy8=,YvdtciZf2Gg0AA/fRHaOrB2H77E=
-13,-3,K2d0oKE6diuNa8HomdOxbgkTDy8=,N6kmupvkbyrUlPPPZbsaPIxMRlk=
-13,-2,K2d0oKE6diuNa8HomdOxbgkTDy8=,QISg3YilEGLN0vZ0595KPHwA/p4=
-11,-2,K2d0oKE6diuNa8HomdOxbgkTDy8=,R0OlW/6h5TN5Omx/muB+jiWnn5U=
-12,-1,f74W2BiGX8xksT+YHc0moNIiFQE=,R0OlW/6h5TN5Omx/muB+jiWnn5U=
-13,-1,szpJYfysZmj5iBIvWEczryDE15w=,QISg3YilEGLN0vZ0595KPHwA/p4=
-14,-3,szpJYfysZmj5iBIvWEczryDE15w=,N6kmupvkbyrUlPPPZbsaPIxMRlk=
-14,-2,szpJYfysZmj5iBIvWEczryDE15w=,QISg3YilEGLN0vZ0595KPHwA/p4=
-15,-2,szpJYfysZmj5iBIvWEczryDE15w=,Q7yZ2o7gOcDVwR/EqW5WORXQG6o=
-15,-3,szpJYfysZmj5iBIvWEczryDE15w=,56sr5z9n/SXdYYvX+ZC8sm7Siyk=
-14,-1,szpJYfysZmj5iBIvWEczryDE15w=,QISg3YilEGLN0vZ0595KPHwA/p4=
-15,-1,szpJYfysZmj5iBIvWEczryDE15w=,Q7yZ2o7gOcDVwR/EqW5WORXQG6o=
-16,-1,szpJYfysZmj5iBIvWEczryDE15w=,Q7yZ2o7gOcDVwR/EqW5WORXQG6o=
-16,-2,e48Pun/PfVAItidze/7Fl3KmE+Y=,Q7yZ2o7gOcDVwR/EqW5WORXQG6o=
-16,-3,e48Pun/PfVAItidze/7Fl3KmE+Y=,56sr5z9n/SXdYYvX+ZC8sm7Siyk=
-16,-6,e48Pun/PfVAItidze/7Fl3KmE+Y=,+xAZv83bFHL60vDI16kTbciOU3s=
-16,-4,e48Pun/PfVAItidze/7Fl3KmE+Y=,56sr5z9n/SXdYYvX+ZC8sm7Siyk=
-16,-7,e48Pun/PfVAItidze/7Fl3KmE+Y=,HH+UE/MGwvvrOZQCepf8bVRI5vY=
-16,-5,e48Pun/PfVAItidze/7Fl3KmE+Y=,+xAZv83bFHL60vDI16kTbciOU3s=
-10,-1,7RjW1fmtC7433qDjipvFA0v8OZc=,p6qKFphCFOFgjXxbmyi2uoif2eg=
-11,-1,7RjW1fmtC7433qDjipvFA0v8OZc=,R0OlW/6h5TN5Omx/muB+jiWnn5U=
-9,-1,7RjW1fmtC7433qDjipvFA0v8OZc=,p6qKFphCFOFgjXxbmyi2uoif2eg=
-8,-1,7RjW1fmtC7433qDjipvFA0v8OZc=,unLg9dFLdZkxRWMwK9GIS8zbkG0=
-7,-1,7RjW1fmtC7433qDjipvFA0v8OZc=,unLg9dFLdZkxRWMwK9GIS8zbkG0=
-6,-1,7RjW1fmtC7433qDjipvFA0v8OZc=,7KRcds6+Kr643jQhsHsHaS0wnLc=
-4,-1,7RjW1fmtC7433qDjipvFA0v8OZc=,EgvwF4YosHbYicIqZcmPGf6VVn0=
-5,-1,AjgkX7gVlWIsAZLFtzGUc7/4Nuw=,7KRcds6+Kr643jQhsHsHaS0wnLc=
-3,-1,AjgkX7gVlWIsAZLFtzGUc7/4Nuw=,EgvwF4YosHbYicIqZcmPGf6VVn0=
-2,-1,AjgkX7gVlWIsAZLFtzGUc7/4Nuw=,xOFe87/ZmTbSM3623CcoNJyfWQc=
-1,-4,0y8cfP6TdGDOSbRhgWdnz/+Mjys=,D/nocqssKF38YHlXd0Y6oARQFGw=
-1,-5,0y8cfP6TdGDOSbRhgWdnz/+Mjys=,C8ZWFBvSpb6i8RW4yfRFCozR5WQ=
-1,-3,0y8cfP6TdGDOSbRhgWdnz/+Mjys=,D/nocqssKF38YHlXd0Y6oARQFGw=
-1,-2,0y8cfP6TdGDOSbRhgWdnz/+Mjys=,xOFe87/ZmTbSM3623CcoNJyfWQc=
-1,-6,0y8cfP6TdGDOSbRhgWdnz/+Mjys=,C8ZWFBvSpb6i8RW4yfRFCozR5WQ=
-1,-7,0y8cfP6TdGDOSbRhgWdnz/+Mjys=,PvGJBowAyYFu7SfHaAkG6uSG9MA=
-1,-8,QU+GwQvsmZ1PCsFqCGNkwBFVx2A=,PvGJBowAyYFu7SfHaAkG6uSG9MA=
-1,-9,QU+GwQvsmZ1PCsFqCGNkwBFVx2A=,Z19H9tXTCR4z8laTp9gEcQO5OoM=
-1,-13,QU+GwQvsmZ1PCsFqCGNkwBFVx2A=,VjAyt5E3LYaK/0YNxi9vKiQXCis=
-1,-11,m+5Njvi5rKGjGi5QpQYyqSmUrao=,zkzJ44NWE9sO7COON9cF7RbJpEE=
-1,-14,m+5Njvi5rKGjGi5QpQYyqSmUrao=,VjAyt5E3LYaK/0YNxi9vKiQXCis=
-1,-12,m+5Njvi5rKGjGi5QpQYyqSmUrao=,zkzJ44NWE9sO7COON9cF7RbJpEE=
-1,-10,m+5Njvi5rKGjGi5QpQYyqSmUrao=,Z19H9tXTCR4z8laTp9gEcQO5OoM=
-1,-15,m+5Njvi5rKGjGi5QpQYyqSmUrao=,qBPmIy8t9LjOK92oYkX1tUe3bO8=
-15,-16,m+5Njvi5rKGjGi5QpQYyqSmUrao=,8GKlA/eqCb2RBGJTQQiIF3KUCrY=
-14,-16,vhF0aYoEC825B/k7d/8H389DnL8=,7ah/UAxrKS4mkrx+UkqqkacyI9g=
-12,-16,vhF0aYoEC825B/k7d/8H389DnL8=,s5iKUwKzMk6xhC8mIjXfNGACSDw=
-13,-16,vhF0aYoEC825B/k7d/8H389DnL8=,7ah/UAxrKS4mkrx+UkqqkacyI9g=
-8,-16,vhF0aYoEC825B/k7d/8H389DnL8=,9A5j2UJ+Ud6ACs+7Q641Vecv540=
-11,-16,vhF0aYoEC825B/k7d/8H389DnL8=,s5iKUwKzMk6xhC8mIjXfNGACSDw=
-9,-16,vhF0aYoEC825B/k7d/8H389DnL8=,utas7gxukBQ302BMUTiOtPBaE10=
-10,-16,vhF0aYoEC825B/k7d/8H389DnL8=,utas7gxukBQ302BMUTiOtPBaE10=
-1,-16,vhF0aYoEC825B/k7d/8H389DnL8=,qBPmIy8t9LjOK92oYkX1tUe3bO8=
-16,-14,vhF0aYoEC825B/k7d/8H389DnL8=,C88zWdpiHpntzq+y822N4HwBZmY=
-16,-16,vhF0aYoEC825B/k7d/8H389DnL8=,8GKlA/eqCb2RBGJTQQiIF3KUCrY=
-16,-15,vhF0aYoEC825B/k7d/8H389DnL8=,8GKlA/eqCb2RBGJTQQiIF3KUCrY=
-1,-1,Bje5VQgHmLH8C+12+yW45TXiZWU=,xOFe87/ZmTbSM3623CcoNJyfWQc=
-15,-19,AisezZ64P2vicVw/XsZ5l/zJrAg=,wA5LzSFgcVUQmWa/Njs5WcKUbhA=
-14,-19,AisezZ64P2vicVw/XsZ5l/zJrAg=,zBUCG1tWlfLBKGXb87IQHexUj2c=
-15,-18,AisezZ64P2vicVw/XsZ5l/zJrAg=,8uExEQn43Foc+bgOrFNlnL82V6I=
-14,-18,AisezZ64P2vicVw/XsZ5l/zJrAg=,l9RRCdgenzW4v7vkBKPj+jWPxlQ=
-12,-18,1uKTCzYxpbv2TsroclivFxrhw60=,7CfjX6cY5fTObbUz93oC4RMO1+4=
-13,-18,1uKTCzYxpbv2TsroclivFxrhw60=,l9RRCdgenzW4v7vkBKPj+jWPxlQ=
-12,-19,1uKTCzYxpbv2TsroclivFxrhw60=,m3m+BAjWL1MeayeLwPftaV1eEBc=
-13,-19,1uKTCzYxpbv2TsroclivFxrhw60=,zBUCG1tWlfLBKGXb87IQHexUj2c=
-10,-19,srQxstn5fLTc3f7NrF1i0gGKsvg=,Sj5mBLcbNEzDMys/5bgvSpcAVjE=
-11,-19,srQxstn5fLTc3f7NrF1i0gGKsvg=,m3m+BAjWL1MeayeLwPftaV1eEBc=
-11,-18,srQxstn5fLTc3f7NrF1i0gGKsvg=,7CfjX6cY5fTObbUz93oC4RMO1+4=
-10,-18,srQxstn5fLTc3f7NrF1i0gGKsvg=,BJLT43ZWXUDl22qCndzQOq7gh90=
-8,-21,XAaiqmJ9cX9cj8rB7xJvswkp8CQ=,dYlq+pC1yIggzYd5Dnd9YwGmFk8=
-9,-21,XAaiqmJ9cX9cj8rB7xJvswkp8CQ=,RU/BJV3htoaFyO0K0MzYkW91/zQ=
-8,-20,XAaiqmJ9cX9cj8rB7xJvswkp8CQ=,/BBUTAMu26Q9uw+sMCAzFk4XpU8=
-9,-20,XAaiqmJ9cX9cj8rB7xJvswkp8CQ=,Sj5mBLcbNEzDMys/5bgvSpcAVjE=
-9,-19,XAaiqmJ9cX9cj8rB7xJvswkp8CQ=,Sj5mBLcbNEzDMys/5bgvSpcAVjE=
-8,-19,XAaiqmJ9cX9cj8rB7xJvswkp8CQ=,/BBUTAMu26Q9uw+sMCAzFk4XpU8=
-9,-18,XAaiqmJ9cX9cj8rB7xJvswkp8CQ=,BJLT43ZWXUDl22qCndzQOq7gh90=
-8,-18,jDQE41kiDnRaIjC0ubsFDlZc5bI=,MMdrsEPqPjx1IRcHDHt6PqzROsQ=
-6,-19,6HS/DSQuoDijmv+wLaVZ/Wo3R1k=,K2RFBdi+/pUc5a8ZN75RICE7kfA=
-7,-19,6HS/DSQuoDijmv+wLaVZ/Wo3R1k=,/BBUTAMu26Q9uw+sMCAzFk4XpU8=
-6,-18,6HS/DSQuoDijmv+wLaVZ/Wo3R1k=,GmcjUq65z33v3EPW11jxDeO0A+8=
-7,-18,AGVPtWlQA1LxPJuRa3x6L3r7xMc=,MMdrsEPqPjx1IRcHDHt6PqzROsQ=
-4,-18,UKwoCeDMGDgMvHLveibsM1VJUxc=,a78K+77z2QT7JegBpX6T/2Mwa1c=
-5,-19,UKwoCeDMGDgMvHLveibsM1VJUxc=,K2RFBdi+/pUc5a8ZN75RICE7kfA=
-4,-19,UKwoCeDMGDgMvHLveibsM1VJUxc=,ENqZhmNjboI5nQ5gEXhU93x6QAU=
-5,-18,UKwoCeDMGDgMvHLveibsM1VJUxc=,GmcjUq65z33v3EPW11jxDeO0A+8=
-7,-21,UKwoCeDMGDgMvHLveibsM1VJUxc=,dYlq+pC1yIggzYd5Dnd9YwGmFk8=
-3,-21,UKwoCeDMGDgMvHLveibsM1VJUxc=,IAKDCXHTTr9ISg+IlcTYsg3uQO8=
-2,-21,UKwoCeDMGDgMvHLveibsM1VJUxc=,t3tS0wOtNUTFMmpEaVHed4Q2AQ8=
-5,-21,UKwoCeDMGDgMvHLveibsM1VJUxc=,JmXdX1gHTKhJngnAaN+VKcpu/+s=
-4,-21,2y9JtA3H0VrFhcxhAWUbQ1pidHc=,IAKDCXHTTr9ISg+IlcTYsg3uQO8=
-6,-21,2y9JtA3H0VrFhcxhAWUbQ1pidHc=,JmXdX1gHTKhJngnAaN+VKcpu/+s=
-4,-20,2y9JtA3H0VrFhcxhAWUbQ1pidHc=,ENqZhmNjboI5nQ5gEXhU93x6QAU=
-2,-20,2y9JtA3H0VrFhcxhAWUbQ1pidHc=,ka28lf8ho5EfqFwXgRm7sD271Pw=
-3,-20,2y9JtA3H0VrFhcxhAWUbQ1pidHc=,ENqZhmNjboI5nQ5gEXhU93x6QAU=
-6,-20,2y9JtA3H0VrFhcxhAWUbQ1pidHc=,K2RFBdi+/pUc5a8ZN75RICE7kfA=
-7,-20,2y9JtA3H0VrFhcxhAWUbQ1pidHc=,/BBUTAMu26Q9uw+sMCAzFk4XpU8=
-5,-20,2y9JtA3H0VrFhcxhAWUbQ1pidHc=,K2RFBdi+/pUc5a8ZN75RICE7kfA=
-3,-18,mylQ2xcyr1GMrqeHTzrVccxMppY=,a78K+77z2QT7JegBpX6T/2Mwa1c=
-2,-18,mylQ2xcyr1GMrqeHTzrVccxMppY=,r8vciNfbbP3ythgzP1FBoE8WYPg=
-1,-21,mylQ2xcyr1GMrqeHTzrVccxMppY=,t3tS0wOtNUTFMmpEaVHed4Q2AQ8=
-2,-19,mylQ2xcyr1GMrqeHTzrVccxMppY=,ka28lf8ho5EfqFwXgRm7sD271Pw=
-3,-19,mylQ2xcyr1GMrqeHTzrVccxMppY=,ENqZhmNjboI5nQ5gEXhU93x6QAU=
-1,-20,mylQ2xcyr1GMrqeHTzrVccxMppY=,ka28lf8ho5EfqFwXgRm7sD271Pw=
-1,-19,mylQ2xcyr1GMrqeHTzrVccxMppY=,ka28lf8ho5EfqFwXgRm7sD271Pw=
-1,-18,mylQ2xcyr1GMrqeHTzrVccxMppY=,r8vciNfbbP3ythgzP1FBoE8WYPg=
-7,-22,iFZoyHVaiOS6HRDCGb7EX10y9Tw=,dYlq+pC1yIggzYd5Dnd9YwGmFk8=
-2,-17,iFZoyHVaiOS6HRDCGb7EX10y9Tw=,r8vciNfbbP3ythgzP1FBoE8WYPg=
-6,-22,iFZoyHVaiOS6HRDCGb7EX10y9Tw=,JmXdX1gHTKhJngnAaN+VKcpu/+s=
-4,-17,iFZoyHVaiOS6HRDCGb7EX10y9Tw=,a78K+77z2QT7JegBpX6T/2Mwa1c=
-6,-17,iFZoyHVaiOS6HRDCGb7EX10y9Tw=,GmcjUq65z33v3EPW11jxDeO0A+8=
-7,-17,kk0NoEXaC02TFCBoj67LPB2ZP3E=,MMdrsEPqPjx1IRcHDHt6PqzROsQ=
-3,-17,kk0NoEXaC02TFCBoj67LPB2ZP3E=,a78K+77z2QT7JegBpX6T/2Mwa1c=
-5,-17,kk0NoEXaC02TFCBoj67LPB2ZP3E=,GmcjUq65z33v3EPW11jxDeO0A+8=
-9,-17,kk0NoEXaC02TFCBoj67LPB2ZP3E=,BJLT43ZWXUDl22qCndzQOq7gh90=
-8,-17,kk0NoEXaC02TFCBoj67LPB2ZP3E=,MMdrsEPqPjx1IRcHDHt6PqzROsQ=
-12,-17,kk0NoEXaC02TFCBoj67LPB2ZP3E=,7CfjX6cY5fTObbUz93oC4RMO1+4=
-11,-17,PfngDUT/5o9sXH/V3aAdMSeFs2E=,7CfjX6cY5fTObbUz93oC4RMO1+4=
-13,-17,PfngDUT/5o9sXH/V3aAdMSeFs2E=,l9RRCdgenzW4v7vkBKPj+jWPxlQ=
-15,-17,PfngDUT/5o9sXH/V3aAdMSeFs2E=,8uExEQn43Foc+bgOrFNlnL82V6I=
-14,-17,PfngDUT/5o9sXH/V3aAdMSeFs2E=,l9RRCdgenzW4v7vkBKPj+jWPxlQ=
-14,-21,PfngDUT/5o9sXH/V3aAdMSeFs2E=,YCvujpiEjgsbqKKRLb4atC/n8Lk=
-15,-21,PfngDUT/5o9sXH/V3aAdMSeFs2E=,8P5gDnf1XEvYtqXNwJbDgQv2fIc=
-9,-22,fyIH516sxQDZa5qbR4In3H0x4EI=,RU/BJV3htoaFyO0K0MzYkW91/zQ=
-8,-22,fyIH516sxQDZa5qbR4In3H0x4EI=,dYlq+pC1yIggzYd5Dnd9YwGmFk8=
-10,-17,fyIH516sxQDZa5qbR4In3H0x4EI=,BJLT43ZWXUDl22qCndzQOq7gh90=
-14,-22,fyIH516sxQDZa5qbR4In3H0x4EI=,YCvujpiEjgsbqKKRLb4atC/n8Lk=
-15,-22,fyIH516sxQDZa5qbR4In3H0x4EI=,8P5gDnf1XEvYtqXNwJbDgQv2fIc=
-10,-22,fyIH516sxQDZa5qbR4In3H0x4EI=,RU/BJV3htoaFyO0K0MzYkW91/zQ=
-10,-21,fyIH516sxQDZa5qbR4In3H0x4EI=,RU/BJV3htoaFyO0K0MzYkW91/zQ=
-13,-22,fyIH516sxQDZa5qbR4In3H0x4EI=,YCvujpiEjgsbqKKRLb4atC/n8Lk=
-13,-21,fyIH516sxQDZa5qbR4In3H0x4EI=,YCvujpiEjgsbqKKRLb4atC/n8Lk=
-11,-21,fyIH516sxQDZa5qbR4In3H0x4EI=,lQIpunfqrjU5F+uNi1cwVisKz/s=
-12,-22,fyIH516sxQDZa5qbR4In3H0x4EI=,lQIpunfqrjU5F+uNi1cwVisKz/s=
-12,-21,fyIH516sxQDZa5qbR4In3H0x4EI=,lQIpunfqrjU5F+uNi1cwVisKz/s=
-11,-22,fyIH516sxQDZa5qbR4In3H0x4EI=,lQIpunfqrjU5F+uNi1cwVisKz/s=
-4,-22,fyIH516sxQDZa5qbR4In3H0x4EI=,IAKDCXHTTr9ISg+IlcTYsg3uQO8=
-5,-22,fyIH516sxQDZa5qbR4In3H0x4EI=,JmXdX1gHTKhJngnAaN+VKcpu/+s=
-2,-22,fyIH516sxQDZa5qbR4In3H0x4EI=,t3tS0wOtNUTFMmpEaVHed4Q2AQ8=
-3,-22,fyIH516sxQDZa5qbR4In3H0x4EI=,IAKDCXHTTr9ISg+IlcTYsg3uQO8=
-1,-22,fyIH516sxQDZa5qbR4In3H0x4EI=,t3tS0wOtNUTFMmpEaVHed4Q2AQ8=
-14,-20,fyIH516sxQDZa5qbR4In3H0x4EI=,zBUCG1tWlfLBKGXb87IQHexUj2c=
-11,-20,fyIH516sxQDZa5qbR4In3H0x4EI=,m3m+BAjWL1MeayeLwPftaV1eEBc=
-13,-20,fyIH516sxQDZa5qbR4In3H0x4EI=,zBUCG1tWlfLBKGXb87IQHexUj2c=
-15,-20,fyIH516sxQDZa5qbR4In3H0x4EI=,wA5LzSFgcVUQmWa/Njs5WcKUbhA=
-12,-20,fyIH516sxQDZa5qbR4In3H0x4EI=,m3m+BAjWL1MeayeLwPftaV1eEBc=
-10,-20,fyIH516sxQDZa5qbR4In3H0x4EI=,Sj5mBLcbNEzDMys/5bgvSpcAVjE=
-16,-22,fyIH516sxQDZa5qbR4In3H0x4EI=,8P5gDnf1XEvYtqXNwJbDgQv2fIc=
-16,-18,fyIH516sxQDZa5qbR4In3H0x4EI=,8uExEQn43Foc+bgOrFNlnL82V6I=
-16,-21,fyIH516sxQDZa5qbR4In3H0x4EI=,8P5gDnf1XEvYtqXNwJbDgQv2fIc=
-16,-19,fyIH516sxQDZa5qbR4In3H0x4EI=,wA5LzSFgcVUQmWa/Njs5WcKUbhA=
-16,-20,fyIH516sxQDZa5qbR4In3H0x4EI=,wA5LzSFgcVUQmWa/Njs5WcKUbhA=
-1,-17,fyIH516sxQDZa5qbR4In3H0x4EI=,r8vciNfbbP3ythgzP1FBoE8WYPg=
-16,-17,fyIH516sxQDZa5qbR4In3H0x4EI=,8uExEQn43Foc+bgOrFNlnL82V6I=
-19,-21,VZBrFPlyg064YF2fgYpcfb9IcPI=,GkY8xk46BqM4Uv2EWowpTXz0sgw=
-18,-21,VZBrFPlyg064YF2fgYpcfb9IcPI=,RLja08/CwBbB5uQH9szVUEue51M=
-18,-20,VZBrFPlyg064YF2fgYpcfb9IcPI=,azHLs2+FIR3idw0o5vNWrb31GOA=
-19,-20,VZBrFPlyg064YF2fgYpcfb9IcPI=,dzNl9lJlUkU2WG+PotCi2LD40o0=
-21,-20,VZBrFPlyg064YF2fgYpcfb9IcPI=,yphp4NHP4v5NIdEMqXJ85yXFomA=
-21,-21,VZBrFPlyg064YF2fgYpcfb9IcPI=,EIAw7qnrTa3ojarCI2jGO5ZRD+s=
-20,-20,VZBrFPlyg064YF2fgYpcfb9IcPI=,dzNl9lJlUkU2WG+PotCi2LD40o0=
-20,-21,VZBrFPlyg064YF2fgYpcfb9IcPI=,GkY8xk46BqM4Uv2EWowpTXz0sgw=
-21,-19,bqrz2u56AKYY+Mkb/oKjSfXZgN0=,yphp4NHP4v5NIdEMqXJ85yXFomA=
-21,-18,bqrz2u56AKYY+Mkb/oKjSfXZgN0=,blxHjVQSepYd8f91MwB5lTvaiKQ=
-20,-19,bqrz2u56AKYY+Mkb/oKjSfXZgN0=,dzNl9lJlUkU2WG+PotCi2LD40o0=
-20,-18,bqrz2u56AKYY+Mkb/oKjSfXZgN0=,6fVxf5r/v8v5mLLEyltDXwh2QvQ=
-18,-18,WPQjjKklHNDt/IpRT6M+ScKhChY=,9c6sEVKO68uORFB+MHqea2/QME4=
-19,-18,WPQjjKklHNDt/IpRT6M+ScKhChY=,6fVxf5r/v8v5mLLEyltDXwh2QvQ=
-18,-19,WPQjjKklHNDt/IpRT6M+ScKhChY=,azHLs2+FIR3idw0o5vNWrb31GOA=
-19,-19,WPQjjKklHNDt/IpRT6M+ScKhChY=,dzNl9lJlUkU2WG+PotCi2LD40o0=
-22,-18,WPQjjKklHNDt/IpRT6M+ScKhChY=,blxHjVQSepYd8f91MwB5lTvaiKQ=
-22,-21,WPQjjKklHNDt/IpRT6M+ScKhChY=,EIAw7qnrTa3ojarCI2jGO5ZRD+s=
-22,-20,WPQjjKklHNDt/IpRT6M+ScKhChY=,yphp4NHP4v5NIdEMqXJ85yXFomA=
-22,-19,WPQjjKklHNDt/IpRT6M+ScKhChY=,yphp4NHP4v5NIdEMqXJ85yXFomA=
-18,-22,WPQjjKklHNDt/IpRT6M+ScKhChY=,RLja08/CwBbB5uQH9szVUEue51M=
-19,-22,WPQjjKklHNDt/IpRT6M+ScKhChY=,GkY8xk46BqM4Uv2EWowpTXz0sgw=
-21,-17,WPQjjKklHNDt/IpRT6M+ScKhChY=,blxHjVQSepYd8f91MwB5lTvaiKQ=
-22,-17,WPQjjKklHNDt/IpRT6M+ScKhChY=,blxHjVQSepYd8f91MwB5lTvaiKQ=
-20,-22,WPQjjKklHNDt/IpRT6M+ScKhChY=,GkY8xk46BqM4Uv2EWowpTXz0sgw=
-21,-22,WPQjjKklHNDt/IpRT6M+ScKhChY=,EIAw7qnrTa3ojarCI2jGO5ZRD+s=
-22,-22,WPQjjKklHNDt/IpRT6M+ScKhChY=,EIAw7qnrTa3ojarCI2jGO5ZRD+s=
-17,-19,WPQjjKklHNDt/IpRT6M+ScKhChY=,azHLs2+FIR3idw0o5vNWrb31GOA=
-20,-17,WPQjjKklHNDt/IpRT6M+ScKhChY=,6fVxf5r/v8v5mLLEyltDXwh2QvQ=
-17,-18,WPQjjKklHNDt/IpRT6M+ScKhChY=,9c6sEVKO68uORFB+MHqea2/QME4=
-17,-22,WPQjjKklHNDt/IpRT6M+ScKhChY=,RLja08/CwBbB5uQH9szVUEue51M=
-17,-21,WPQjjKklHNDt/IpRT6M+ScKhChY=,RLja08/CwBbB5uQH9szVUEue51M=
-17,-20,WPQjjKklHNDt/IpRT6M+ScKhChY=,azHLs2+FIR3idw0o5vNWrb31GOA=
-17,-17,nCSL6UyZ4Lt3fm5BIHyMdfOhGWg=,9c6sEVKO68uORFB+MHqea2/QME4=
-18,-17,nCSL6UyZ4Lt3fm5BIHyMdfOhGWg=,9c6sEVKO68uORFB+MHqea2/QME4=
-19,-17,nCSL6UyZ4Lt3fm5BIHyMdfOhGWg=,6fVxf5r/v8v5mLLEyltDXwh2QvQ=
-21,-8,M9dJx7FZy1Wq0kSjUeryGik+MHo=,AyOsmty2ZyM3b+RRzMdv9OKbcEE=
-21,-9,M9dJx7FZy1Wq0kSjUeryGik+MHo=,f7hcPsAh5rst1hpoUvh6jFOCrLY=
-20,-9,M9dJx7FZy1Wq0kSjUeryGik+MHo=,AwfwuQUsxVZRmhNYCLYmBFiWQ9g=
-20,-8,M9dJx7FZy1Wq0kSjUeryGik+MHo=,aUujRDMF5eoyBd7akwe3a6fhY6E=
-21,-7,KG6JoAdGOOOQhVdKJsAt1ukmMD0=,AyOsmty2ZyM3b+RRzMdv9OKbcEE=
-21,-6,KG6JoAdGOOOQhVdKJsAt1ukmMD0=,TaVBQ456yByF5jZAV8Yr9ujqonc=
-20,-7,KG6JoAdGOOOQhVdKJsAt1ukmMD0=,aUujRDMF5eoyBd7akwe3a6fhY6E=
-20,-6,KG6JoAdGOOOQhVdKJsAt1ukmMD0=,hUNNogYnndjSZ/g/zvjeUdqZBB0=
-21,-5,faUzK+YxnSGgQP30/OvnasIl+hY=,TaVBQ456yByF5jZAV8Yr9ujqonc=
-21,-4,faUzK+YxnSGgQP30/OvnasIl+hY=,CPmtA68u5t4TfApr2/kQrJ9Fw+8=
-20,-4,faUzK+YxnSGgQP30/OvnasIl+hY=,hnzUrxFoMPDLn2m4cW5ZQBTcXaU=
-20,-5,faUzK+YxnSGgQP30/OvnasIl+hY=,hUNNogYnndjSZ/g/zvjeUdqZBB0=
-19,-6,faUzK+YxnSGgQP30/OvnasIl+hY=,hUNNogYnndjSZ/g/zvjeUdqZBB0=
-19,-7,faUzK+YxnSGgQP30/OvnasIl+hY=,aUujRDMF5eoyBd7akwe3a6fhY6E=
-18,-6,faUzK+YxnSGgQP30/OvnasIl+hY=,G84kzbKewLDXHxT9ABwD568Xn1g=
-18,-7,faUzK+YxnSGgQP30/OvnasIl+hY=,RwRjKD6tXCRKcQohUo/enyxGqsM=
-19,-4,FSRXny/wHrPeHMA4JsS35rE7VHk=,hnzUrxFoMPDLn2m4cW5ZQBTcXaU=
-18,-4,FSRXny/wHrPeHMA4JsS35rE7VHk=,NYtJ5ogAyBegWcMEtzKIK9UOc/w=
-19,-5,FSRXny/wHrPeHMA4JsS35rE7VHk=,hUNNogYnndjSZ/g/zvjeUdqZBB0=
-18,-5,FSRXny/wHrPeHMA4JsS35rE7VHk=,G84kzbKewLDXHxT9ABwD568Xn1g=
-21,-2,4VG0v+Dww1ySWh2hwMEF9gxqFjE=,5i4/54bFqMtPJdZnoj8TKTzvYtA=
-20,-3,4VG0v+Dww1ySWh2hwMEF9gxqFjE=,hnzUrxFoMPDLn2m4cW5ZQBTcXaU=
-21,-3,4VG0v+Dww1ySWh2hwMEF9gxqFjE=,CPmtA68u5t4TfApr2/kQrJ9Fw+8=
-20,-2,4VG0v+Dww1ySWh2hwMEF9gxqFjE=,FrKNbUfZanApEVRQi/690oHE9cI=
-21,-1,3UXpT23cf+e5oWY/kzDDJ/de2Ag=,5i4/54bFqMtPJdZnoj8TKTzvYtA=
-20,-1,3UXpT23cf+e5oWY/kzDDJ/de2Ag=,FrKNbUfZanApEVRQi/690oHE9cI=
-18,-3,eTzD7CsLtceAxU3pMId7Vpz2ZXg=,NYtJ5ogAyBegWcMEtzKIK9UOc/w=
-19,-3,eTzD7CsLtceAxU3pMId7Vpz2ZXg=,hnzUrxFoMPDLn2m4cW5ZQBTcXaU=
-19,-2,eTzD7CsLtceAxU3pMId7Vpz2ZXg=,FrKNbUfZanApEVRQi/690oHE9cI=
-19,-1,eTzD7CsLtceAxU3pMId7Vpz2ZXg=,FrKNbUfZanApEVRQi/690oHE9cI=
-18,-2,eTzD7CsLtceAxU3pMId7Vpz2ZXg=,JECVhhvcBQwRn8V3w4VgDv3zYqw=
-18,-1,eTzD7CsLtceAxU3pMId7Vpz2ZXg=,JECVhhvcBQwRn8V3w4VgDv3zYqw=
-17,-2,B0nI4oMyYgnpuTfpvkDPIH8Sro4=,JECVhhvcBQwRn8V3w4VgDv3zYqw=
-17,-1,B0nI4oMyYgnpuTfpvkDPIH8Sro4=,JECVhhvcBQwRn8V3w4VgDv3zYqw=
-17,-3,B0nI4oMyYgnpuTfpvkDPIH8Sro4=,NYtJ5ogAyBegWcMEtzKIK9UOc/w=
-21,-15,i1nu7xy0TT6w2E0YWFJ5ScVXC4c=,xhGDpbFlsFeNrpx5tnzlNnJ43Bk=
-21,-14,i1nu7xy0TT6w2E0YWFJ5ScVXC4c=,7asE0dD3cTD18ITFsKe6L31RIKA=
-20,-14,i1nu7xy0TT6w2E0YWFJ5ScVXC4c=,3wO+GCe7fF4C/Ygkc2T7zxYeRj0=
-20,-15,i1nu7xy0TT6w2E0YWFJ5ScVXC4c=,POQard2tNHPTmppXninP6BeSAWQ=
-21,-12,er7BkI7LhjsEXfjXJFWVKgxijSk=,INNFTXNzu0CflAQ5B99lYYHTJHY=
-21,-13,er7BkI7LhjsEXfjXJFWVKgxijSk=,7asE0dD3cTD18ITFsKe6L31RIKA=
-21,-11,er7BkI7LhjsEXfjXJFWVKgxijSk=,INNFTXNzu0CflAQ5B99lYYHTJHY=
-21,-10,er7BkI7LhjsEXfjXJFWVKgxijSk=,f7hcPsAh5rst1hpoUvh6jFOCrLY=
-20,-10,er7BkI7LhjsEXfjXJFWVKgxijSk=,AwfwuQUsxVZRmhNYCLYmBFiWQ9g=
-20,-13,er7BkI7LhjsEXfjXJFWVKgxijSk=,3wO+GCe7fF4C/Ygkc2T7zxYeRj0=
-20,-12,er7BkI7LhjsEXfjXJFWVKgxijSk=,guAmMAw5S5eQ8/MQXKETkWBeNPw=
-20,-11,er7BkI7LhjsEXfjXJFWVKgxijSk=,guAmMAw5S5eQ8/MQXKETkWBeNPw=
-19,-12,h+2VCTM9JLjqlCtSfwzQyFRKJz0=,guAmMAw5S5eQ8/MQXKETkWBeNPw=
-19,-13,h+2VCTM9JLjqlCtSfwzQyFRKJz0=,3wO+GCe7fF4C/Ygkc2T7zxYeRj0=
-18,-13,h+2VCTM9JLjqlCtSfwzQyFRKJz0=,dewCwG0dc+5vWSCqqH2ZFHKGHd8=
-18,-12,h+2VCTM9JLjqlCtSfwzQyFRKJz0=,epodAIhJissY+eO0TGI3CzyW2bw=
-18,-11,Bvc4SI4jjjuJLCmpz6upzunf1SI=,epodAIhJissY+eO0TGI3CzyW2bw=
-19,-9,Bvc4SI4jjjuJLCmpz6upzunf1SI=,AwfwuQUsxVZRmhNYCLYmBFiWQ9g=
-19,-11,Bvc4SI4jjjuJLCmpz6upzunf1SI=,guAmMAw5S5eQ8/MQXKETkWBeNPw=
-18,-8,Bvc4SI4jjjuJLCmpz6upzunf1SI=,RwRjKD6tXCRKcQohUo/enyxGqsM=
-19,-10,Bvc4SI4jjjuJLCmpz6upzunf1SI=,AwfwuQUsxVZRmhNYCLYmBFiWQ9g=
-19,-8,Bvc4SI4jjjuJLCmpz6upzunf1SI=,aUujRDMF5eoyBd7akwe3a6fhY6E=
-18,-10,Bvc4SI4jjjuJLCmpz6upzunf1SI=,kHAmeWu4YpSzAYJyrCtBZlEuJJA=
-18,-9,Bvc4SI4jjjuJLCmpz6upzunf1SI=,kHAmeWu4YpSzAYJyrCtBZlEuJJA=
-19,-15,m+ZhiXN8tax8Mo37BqSCW8M3Tq8=,POQard2tNHPTmppXninP6BeSAWQ=
-19,-14,m+ZhiXN8tax8Mo37BqSCW8M3Tq8=,3wO+GCe7fF4C/Ygkc2T7zxYeRj0=
-18,-14,m+ZhiXN8tax8Mo37BqSCW8M3Tq8=,dewCwG0dc+5vWSCqqH2ZFHKGHd8=
-18,-15,m+ZhiXN8tax8Mo37BqSCW8M3Tq8=,LdvKfrC0vWBOizcGedK+t0hBO08=
-17,-11,m+ZhiXN8tax8Mo37BqSCW8M3Tq8=,epodAIhJissY+eO0TGI3CzyW2bw=
-17,-10,m+ZhiXN8tax8Mo37BqSCW8M3Tq8=,kHAmeWu4YpSzAYJyrCtBZlEuJJA=
-17,-13,lw2ApvAZIT76r0OF+V3hCAlIP3s=,dewCwG0dc+5vWSCqqH2ZFHKGHd8=
-17,-12,RzkHcBp9cfhZotqaXt/KAKcmwHo=,epodAIhJissY+eO0TGI3CzyW2bw=
-17,-14,RzkHcBp9cfhZotqaXt/KAKcmwHo=,dewCwG0dc+5vWSCqqH2ZFHKGHd8=
-17,-15,RzkHcBp9cfhZotqaXt/KAKcmwHo=,LdvKfrC0vWBOizcGedK+t0hBO08=
-22,-10,V6ps7vmMe6fkFYZCGwImiSLgrVo=,f7hcPsAh5rst1hpoUvh6jFOCrLY=
-22,-11,V6ps7vmMe6fkFYZCGwImiSLgrVo=,INNFTXNzu0CflAQ5B99lYYHTJHY=
-22,-9,V6ps7vmMe6fkFYZCGwImiSLgrVo=,f7hcPsAh5rst1hpoUvh6jFOCrLY=
-22,-8,V6ps7vmMe6fkFYZCGwImiSLgrVo=,AyOsmty2ZyM3b+RRzMdv9OKbcEE=
-22,-16,V6ps7vmMe6fkFYZCGwImiSLgrVo=,xhGDpbFlsFeNrpx5tnzlNnJ43Bk=
-22,-12,V6ps7vmMe6fkFYZCGwImiSLgrVo=,INNFTXNzu0CflAQ5B99lYYHTJHY=
-22,-15,V6ps7vmMe6fkFYZCGwImiSLgrVo=,xhGDpbFlsFeNrpx5tnzlNnJ43Bk=
-22,-14,V6ps7vmMe6fkFYZCGwImiSLgrVo=,7asE0dD3cTD18ITFsKe6L31RIKA=
-22,-13,V6ps7vmMe6fkFYZCGwImiSLgrVo=,7asE0dD3cTD18ITFsKe6L31RIKA=
-22,-7,V6ps7vmMe6fkFYZCGwImiSLgrVo=,AyOsmty2ZyM3b+RRzMdv9OKbcEE=
-22,-6,V6ps7vmMe6fkFYZCGwImiSLgrVo=,TaVBQ456yByF5jZAV8Yr9ujqonc=
-22,-5,V6ps7vmMe6fkFYZCGwImiSLgrVo=,TaVBQ456yByF5jZAV8Yr9ujqonc=
-22,-4,V6ps7vmMe6fkFYZCGwImiSLgrVo=,CPmtA68u5t4TfApr2/kQrJ9Fw+8=
-22,-3,V6ps7vmMe6fkFYZCGwImiSLgrVo=,CPmtA68u5t4TfApr2/kQrJ9Fw+8=
-22,-2,V6ps7vmMe6fkFYZCGwImiSLgrVo=,5i4/54bFqMtPJdZnoj8TKTzvYtA=
-22,-1,V6ps7vmMe6fkFYZCGwImiSLgrVo=,5i4/54bFqMtPJdZnoj8TKTzvYtA=
-17,-9,V6ps7vmMe6fkFYZCGwImiSLgrVo=,kHAmeWu4YpSzAYJyrCtBZlEuJJA=
-17,-8,V6ps7vmMe6fkFYZCGwImiSLgrVo=,RwRjKD6tXCRKcQohUo/enyxGqsM=
-21,-16,OyiOqfqGSyT1WD+w+lJ2RY5zJn4=,xhGDpbFlsFeNrpx5tnzlNnJ43Bk=
-17,-4,OyiOqfqGSyT1WD+w+lJ2RY5zJn4=,NYtJ5ogAyBegWcMEtzKIK9UOc/w=
-17,-6,OyiOqfqGSyT1WD+w+lJ2RY5zJn4=,G84kzbKewLDXHxT9ABwD568Xn1g=
-17,-16,L+rI/uGq3xgoPba6OGJy13PqN1g=,LdvKfrC0vWBOizcGedK+t0hBO08=
-17,-7,L+rI/uGq3xgoPba6OGJy13PqN1g=,RwRjKD6tXCRKcQohUo/enyxGqsM=
-20,-16,L+rI/uGq3xgoPba6OGJy13PqN1g=,POQard2tNHPTmppXninP6BeSAWQ=
-17,-5,L+rI/uGq3xgoPba6OGJy13PqN1g=,G84kzbKewLDXHxT9ABwD568Xn1g=
-18,-16,L+rI/uGq3xgoPba6OGJy13PqN1g=,LdvKfrC0vWBOizcGedK+t0hBO08=
-19,-16,L+rI/uGq3xgoPba6OGJy13PqN1g=,POQard2tNHPTmppXninP6BeSAWQ=
