-18,13,s0hnbIaLmarrJhvfk7PjBFVuKPA=,Binq8RKQZEdDc8bJ6JbhfccbOCc=
-18,14,s0hnbIaLmarrJhvfk7PjBFVuKPA=,VGTIV2cDP75DMLNbWfJGUmigwmg=
-19,13,s0hnbIaLmarrJhvfk7PjBFVuKPA=,T9kkRpPbCk/82a/LmkW1A+TiNkM=
-19,14,s0hnbIaLmarrJhvfk7PjBFVuKPA=,PwKyCak6rj19yNIpnLRoSgD16Qw=
-18,11,MZ79ZJZCn7xhp2cSICkjcDpIwGk=,XCFQzCCt2eTh1ls43xn8sRCwffM=
-19,11,MZ79ZJZCn7xhp2cSICkjcDpIwGk=,A/4oESX9HwZCcZxBLc2qpvy+b1Q=
-19,10,MZ79ZJZCn7xhp2cSICkjcDpIwGk=,A/4oESX9HwZCcZxBLc2qpvy+b1Q=
-18,12,MZ79ZJZCn7xhp2cSICkjcDpIwGk=,Binq8RKQZEdDc8bJ6JbhfccbOCc=
-18,9,MZ79ZJZCn7xhp2cSICkjcDpIwGk=,GejdPvBHjWBVoGAH6d2TgbdMNkY=
-18,10,MZ79ZJZCn7xhp2cSICkjcDpIwGk=,XCFQzCCt2eTh1ls43xn8sRCwffM=
-19,9,MZ79ZJZCn7xhp2cSICkjcDpIwGk=,MRr/qz8eJNFvTW9zMDcCLMjgEs4=
-19,12,MZ79ZJZCn7xhp2cSICkjcDpIwGk=,T9kkRpPbCk/82a/LmkW1A+TiNkM=
-19,7,IVpk/uNcS3nDZHn0Aj4gIoCqSRM=,bZPIRFC6l39FAJK1x12dBuT7cCI=
-18,8,IVpk/uNcS3nDZHn0Aj4gIoCqSRM=,GejdPvBHjWBVoGAH6d2TgbdMNkY=
-19,8,IVpk/uNcS3nDZHn0Aj4gIoCqSRM=,MRr/qz8eJNFvTW9zMDcCLMjgEs4=
-18,7,NrQGYDrDWOPf2CdZUMvYhMPgS/Q=,J8/ZtCSx9sjQiI9wU+EZvL6n+78=
-19,6,NrQGYDrDWOPf2CdZUMvYhMPgS/Q=,bZPIRFC6l39FAJK1x12dBuT7cCI=
-19,5,NrQGYDrDWOPf2CdZUMvYhMPgS/Q=,rt4LjzmtIG1nrUxJsvhwcVf/yTc=
-18,6,NrQGYDrDWOPf2CdZUMvYhMPgS/Q=,J8/ZtCSx9sjQiI9wU+EZvL6n+78=
-18,5,NrQGYDrDWOPf2CdZUMvYhMPgS/Q=,2i13WZlhKu4Kq8bQEXns/Ew7f1E=
-21,3,p+OQb8N75TrlWzJbRiw9nH+XjQM=,JRfN4nwCrt4MK4h1jd+buPJoxfw=
-21,4,p+OQb8N75TrlWzJbRiw9nH+XjQM=,vPQt07RPa/2pbMVKiOn044g2bss=
-20,4,ahtZEHJGNSWFArkU9OY65Nd8+j4=,rt4LjzmtIG1nrUxJsvhwcVf/yTc=
-20,3,ahtZEHJGNSWFArkU9OY65Nd8+j4=,sABGJERbF2X3HRfG9Hfp+MGNUGQ=
-19,3,ahtZEHJGNSWFArkU9OY65Nd8+j4=,sABGJERbF2X3HRfG9Hfp+MGNUGQ=
-18,3,ahtZEHJGNSWFArkU9OY65Nd8+j4=,0mu7FuFLHVoaTrg1/UrTrMWYJ38=
-18,4,ahtZEHJGNSWFArkU9OY65Nd8+j4=,2i13WZlhKu4Kq8bQEXns/Ew7f1E=
-19,4,ahtZEHJGNSWFArkU9OY65Nd8+j4=,rt4LjzmtIG1nrUxJsvhwcVf/yTc=
-21,2,ahtZEHJGNSWFArkU9OY65Nd8+j4=,JRfN4nwCrt4MK4h1jd+buPJoxfw=
-21,1,ahtZEHJGNSWFArkU9OY65Nd8+j4=,HADMrcRLMb3AF5OxzloXGoiPRdc=
-20,1,PH+2Ngues6jXHzxh//rbU1f9K+U=,fbHsKBLKoQTCfYum2Vc0wnuy2zc=
-18,1,PH+2Ngues6jXHzxh//rbU1f9K+U=,j1EPCz1v0U0ipiCrt5wnNSyk/yY=
-20,2,PH+2Ngues6jXHzxh//rbU1f9K+U=,sABGJERbF2X3HRfG9Hfp+MGNUGQ=
-18,2,PH+2Ngues6jXHzxh//rbU1f9K+U=,0mu7FuFLHVoaTrg1/UrTrMWYJ38=
-19,1,PH+2Ngues6jXHzxh//rbU1f9K+U=,fbHsKBLKoQTCfYum2Vc0wnuy2zc=
-19,2,PH+2Ngues6jXHzxh//rbU1f9K+U=,sABGJERbF2X3HRfG9Hfp+MGNUGQ=
-18,0,eqwELwd1EJcDioNpQ03MOTKUnqU=,j1EPCz1v0U0ipiCrt5wnNSyk/yY=
-19,0,eqwELwd1EJcDioNpQ03MOTKUnqU=,fbHsKBLKoQTCfYum2Vc0wnuy2zc=
-17,2,eqwELwd1EJcDioNpQ03MOTKUnqU=,0mu7FuFLHVoaTrg1/UrTrMWYJ38=
-17,1,eqwELwd1EJcDioNpQ03MOTKUnqU=,j1EPCz1v0U0ipiCrt5wnNSyk/yY=
-17,3,5YRaYQawkT/+tKzLoLU4dJ9mX+E=,0mu7FuFLHVoaTrg1/UrTrMWYJ38=
-17,4,5YRaYQawkT/+tKzLoLU4dJ9mX+E=,2i13WZlhKu4Kq8bQEXns/Ew7f1E=
-17,5,5YRaYQawkT/+tKzLoLU4dJ9mX+E=,2i13WZlhKu4Kq8bQEXns/Ew7f1E=
-17,6,5YRaYQawkT/+tKzLoLU4dJ9mX+E=,J8/ZtCSx9sjQiI9wU+EZvL6n+78=
-17,8,5YRaYQawkT/+tKzLoLU4dJ9mX+E=,GejdPvBHjWBVoGAH6d2TgbdMNkY=
-17,7,5YRaYQawkT/+tKzLoLU4dJ9mX+E=,J8/ZtCSx9sjQiI9wU+EZvL6n+78=
-17,9,vS/QuAFVJCGcpKNciQCIfRPIBrU=,GejdPvBHjWBVoGAH6d2TgbdMNkY=
-17,10,vS/QuAFVJCGcpKNciQCIfRPIBrU=,XCFQzCCt2eTh1ls43xn8sRCwffM=
-17,12,vS/QuAFVJCGcpKNciQCIfRPIBrU=,Binq8RKQZEdDc8bJ6JbhfccbOCc=
-17,11,vS/QuAFVJCGcpKNciQCIfRPIBrU=,XCFQzCCt2eTh1ls43xn8sRCwffM=
-17,13,zWN8ds3JZUTYh/3V0STyCBLdtPg=,Binq8RKQZEdDc8bJ6JbhfccbOCc=
-17,14,zWN8ds3JZUTYh/3V0STyCBLdtPg=,VGTIV2cDP75DMLNbWfJGUmigwmg=
-21,13,zWN8ds3JZUTYh/3V0STyCBLdtPg=,4aXKvHuQPHCqufNgNw7rmQXqo1M=
-21,14,zWN8ds3JZUTYh/3V0STyCBLdtPg=,CwqSGnKbiRehh/iIrtnqnCQGKyI=
-22,14,zWN8ds3JZUTYh/3V0STyCBLdtPg=,CwqSGnKbiRehh/iIrtnqnCQGKyI=
-22,13,zWN8ds3JZUTYh/3V0STyCBLdtPg=,4aXKvHuQPHCqufNgNw7rmQXqo1M=
-22,4,zWN8ds3JZUTYh/3V0STyCBLdtPg=,vPQt07RPa/2pbMVKiOn044g2bss=
-22,3,zWN8ds3JZUTYh/3V0STyCBLdtPg=,JRfN4nwCrt4MK4h1jd+buPJoxfw=
-20,13,zWN8ds3JZUTYh/3V0STyCBLdtPg=,T9kkRpPbCk/82a/LmkW1A+TiNkM=
-20,14,aAr97WPQx4aXpOpcCOSrbXjeZ1k=,PwKyCak6rj19yNIpnLRoSgD16Qw=
-19,15,aAr97WPQx4aXpOpcCOSrbXjeZ1k=,PwKyCak6rj19yNIpnLRoSgD16Qw=
-17,15,aAr97WPQx4aXpOpcCOSrbXjeZ1k=,VGTIV2cDP75DMLNbWfJGUmigwmg=
-22,12,aAr97WPQx4aXpOpcCOSrbXjeZ1k=,4aXKvHuQPHCqufNgNw7rmQXqo1M=
-22,11,aAr97WPQx4aXpOpcCOSrbXjeZ1k=,8d6a2JGAhvkkzpMTBSYRKvpQTVg=
-22,2,atzA2PviLbaMmhymhlMntoFPksY=,JRfN4nwCrt4MK4h1jd+buPJoxfw=
-22,1,atzA2PviLbaMmhymhlMntoFPksY=,HADMrcRLMb3AF5OxzloXGoiPRdc=
-21,12,atzA2PviLbaMmhymhlMntoFPksY=,4aXKvHuQPHCqufNgNw7rmQXqo1M=
-21,11,atzA2PviLbaMmhymhlMntoFPksY=,8d6a2JGAhvkkzpMTBSYRKvpQTVg=
-22,6,atzA2PviLbaMmhymhlMntoFPksY=,lArQuXE342Y0LlHvjxwWPho2fxU=
-22,5,atzA2PviLbaMmhymhlMntoFPksY=,vPQt07RPa/2pbMVKiOn044g2bss=
-21,5,atzA2PviLbaMmhymhlMntoFPksY=,vPQt07RPa/2pbMVKiOn044g2bss=
-22,0,atzA2PviLbaMmhymhlMntoFPksY=,HADMrcRLMb3AF5OxzloXGoiPRdc=
-21,0,atzA2PviLbaMmhymhlMntoFPksY=,HADMrcRLMb3AF5OxzloXGoiPRdc=
-21,6,atzA2PviLbaMmhymhlMntoFPksY=,lArQuXE342Y0LlHvjxwWPho2fxU=
-18,15,atzA2PviLbaMmhymhlMntoFPksY=,VGTIV2cDP75DMLNbWfJGUmigwmg=
-20,0,atzA2PviLbaMmhymhlMntoFPksY=,fbHsKBLKoQTCfYum2Vc0wnuy2zc=
-22,7,atzA2PviLbaMmhymhlMntoFPksY=,lArQuXE342Y0LlHvjxwWPho2fxU=
-22,10,atzA2PviLbaMmhymhlMntoFPksY=,8d6a2JGAhvkkzpMTBSYRKvpQTVg=
-20,11,atzA2PviLbaMmhymhlMntoFPksY=,A/4oESX9HwZCcZxBLc2qpvy+b1Q=
-21,10,atzA2PviLbaMmhymhlMntoFPksY=,8d6a2JGAhvkkzpMTBSYRKvpQTVg=
-20,12,atzA2PviLbaMmhymhlMntoFPksY=,T9kkRpPbCk/82a/LmkW1A+TiNkM=
-17,0,atzA2PviLbaMmhymhlMntoFPksY=,j1EPCz1v0U0ipiCrt5wnNSyk/yY=
-21,7,atzA2PviLbaMmhymhlMntoFPksY=,lArQuXE342Y0LlHvjxwWPho2fxU=
-20,5,atzA2PviLbaMmhymhlMntoFPksY=,rt4LjzmtIG1nrUxJsvhwcVf/yTc=
-22,9,atzA2PviLbaMmhymhlMntoFPksY=,Kv6zc+Znlv97ressKQKEAMUug+k=
-20,10,atzA2PviLbaMmhymhlMntoFPksY=,A/4oESX9HwZCcZxBLc2qpvy+b1Q=
-22,8,atzA2PviLbaMmhymhlMntoFPksY=,Kv6zc+Znlv97ressKQKEAMUug+k=
-21,9,atzA2PviLbaMmhymhlMntoFPksY=,Kv6zc+Znlv97ressKQKEAMUug+k=
-20,6,atzA2PviLbaMmhymhlMntoFPksY=,bZPIRFC6l39FAJK1x12dBuT7cCI=
-20,7,atzA2PviLbaMmhymhlMntoFPksY=,bZPIRFC6l39FAJK1x12dBuT7cCI=
-22,15,atzA2PviLbaMmhymhlMntoFPksY=,CwqSGnKbiRehh/iIrtnqnCQGKyI=
-21,15,atzA2PviLbaMmhymhlMntoFPksY=,CwqSGnKbiRehh/iIrtnqnCQGKyI=
-21,8,atzA2PviLbaMmhymhlMntoFPksY=,Kv6zc+Znlv97ressKQKEAMUug+k=
-20,9,atzA2PviLbaMmhymhlMntoFPksY=,MRr/qz8eJNFvTW9zMDcCLMjgEs4=
-20,8,atzA2PviLbaMmhymhlMntoFPksY=,MRr/qz8eJNFvTW9zMDcCLMjgEs4=
-20,15,atzA2PviLbaMmhymhlMntoFPksY=,PwKyCak6rj19yNIpnLRoSgD16Qw=
-21,20,CD4cEzCo0MxPvv/PHAW+yoiCQq0=,ym5fOXAqxqcvRYyiEQXtPFl34uY=
-21,19,CD4cEzCo0MxPvv/PHAW+yoiCQq0=,UCMJ4rbcv5pN4KbK5r8zkzqD8eM=
-20,20,CD4cEzCo0MxPvv/PHAW+yoiCQq0=,1kq5aVm9tcK2Ic280Ozj/LCHFCU=
-20,19,CD4cEzCo0MxPvv/PHAW+yoiCQq0=,fhOMclrd/WdS2hF+iGkD9F//PDE=
-21,17,1c/CDRWD/aghT8FUF3EmUpZEH1A=,hiSaYXPjKq5jf6DMHf4z4Vt4N5M=
-21,18,1c/CDRWD/aghT8FUF3EmUpZEH1A=,UCMJ4rbcv5pN4KbK5r8zkzqD8eM=
-20,17,1c/CDRWD/aghT8FUF3EmUpZEH1A=,LVdptl1Uk4WqlwDjK4DZA1WD508=
-20,18,1c/CDRWD/aghT8FUF3EmUpZEH1A=,fhOMclrd/WdS2hF+iGkD9F//PDE=
-19,17,HThjQXV3aRBi/0aFoNkQ/kn4xD8=,LVdptl1Uk4WqlwDjK4DZA1WD508=
-19,16,HThjQXV3aRBi/0aFoNkQ/kn4xD8=,LVdptl1Uk4WqlwDjK4DZA1WD508=
-19,18,HThjQXV3aRBi/0aFoNkQ/kn4xD8=,fhOMclrd/WdS2hF+iGkD9F//PDE=
-18,18,HThjQXV3aRBi/0aFoNkQ/kn4xD8=,aSA8jai3S7oouewVJ8aProhFIMM=
-18,16,HThjQXV3aRBi/0aFoNkQ/kn4xD8=,ufd9jZpxLkd5LdlhGsHa+5F8g8Q=
-18,17,HThjQXV3aRBi/0aFoNkQ/kn4xD8=,ufd9jZpxLkd5LdlhGsHa+5F8g8Q=
-20,21,R1JNIoQkP1E1AAga6oWd01SJHwA=,1kq5aVm9tcK2Ic280Ozj/LCHFCU=
-21,21,R1JNIoQkP1E1AAga6oWd01SJHwA=,ym5fOXAqxqcvRYyiEQXtPFl34uY=
-22,20,R1JNIoQkP1E1AAga6oWd01SJHwA=,ym5fOXAqxqcvRYyiEQXtPFl34uY=
-22,19,R1JNIoQkP1E1AAga6oWd01SJHwA=,UCMJ4rbcv5pN4KbK5r8zkzqD8eM=
-22,21,R1JNIoQkP1E1AAga6oWd01SJHwA=,ym5fOXAqxqcvRYyiEQXtPFl34uY=
-22,18,R1JNIoQkP1E1AAga6oWd01SJHwA=,UCMJ4rbcv5pN4KbK5r8zkzqD8eM=
-22,17,R1JNIoQkP1E1AAga6oWd01SJHwA=,hiSaYXPjKq5jf6DMHf4z4Vt4N5M=
-17,17,R1JNIoQkP1E1AAga6oWd01SJHwA=,ufd9jZpxLkd5LdlhGsHa+5F8g8Q=
-17,18,R1JNIoQkP1E1AAga6oWd01SJHwA=,aSA8jai3S7oouewVJ8aProhFIMM=
-22,16,RU8OFzPO8qsSkjy/LwhFoJbAlpk=,hiSaYXPjKq5jf6DMHf4z4Vt4N5M=
-19,21,RU8OFzPO8qsSkjy/LwhFoJbAlpk=,1kq5aVm9tcK2Ic280Ozj/LCHFCU=
-19,20,RU8OFzPO8qsSkjy/LwhFoJbAlpk=,1kq5aVm9tcK2Ic280Ozj/LCHFCU=
-21,16,RU8OFzPO8qsSkjy/LwhFoJbAlpk=,hiSaYXPjKq5jf6DMHf4z4Vt4N5M=
-18,21,RU8OFzPO8qsSkjy/LwhFoJbAlpk=,pv2ulKb22CPRDVO5Tt6LyOwwU5A=
-17,21,RU8OFzPO8qsSkjy/LwhFoJbAlpk=,pv2ulKb22CPRDVO5Tt6LyOwwU5A=
-17,20,RU8OFzPO8qsSkjy/LwhFoJbAlpk=,pv2ulKb22CPRDVO5Tt6LyOwwU5A=
-18,20,RU8OFzPO8qsSkjy/LwhFoJbAlpk=,pv2ulKb22CPRDVO5Tt6LyOwwU5A=
-20,16,RU8OFzPO8qsSkjy/LwhFoJbAlpk=,LVdptl1Uk4WqlwDjK4DZA1WD508=
-19,19,RU8OFzPO8qsSkjy/LwhFoJbAlpk=,fhOMclrd/WdS2hF+iGkD9F//PDE=
-17,16,RU8OFzPO8qsSkjy/LwhFoJbAlpk=,ufd9jZpxLkd5LdlhGsHa+5F8g8Q=
-18,19,RU8OFzPO8qsSkjy/LwhFoJbAlpk=,aSA8jai3S7oouewVJ8aProhFIMM=
-17,19,RU8OFzPO8qsSkjy/LwhFoJbAlpk=,aSA8jai3S7oouewVJ8aProhFIMM=
-3,17,x3kbZs+JD/bp7OcXXr07EnizyXg=,opYciqVWJbVVsTpZJYc2E8PdhCQ=
-3,18,x3kbZs+JD/bp7OcXXr07EnizyXg=,BuBokXhFhhmesHd4fL5/rVvwwNw=
-2,17,x3kbZs+JD/bp7OcXXr07EnizyXg=,IPzB5GvRZ3pN+54pZTe2MnaycL0=
-2,18,x3kbZs+JD/bp7OcXXr07EnizyXg=,4FHRWhqqTEZgL1muOr/K3D8TXfk=
-5,20,NcLCvk2rXDkr2XSuI/jN8wvOPtQ=,hhPGfv1UZNznUPUHCsBsT6rv4O4=
-4,20,NcLCvk2rXDkr2XSuI/jN8wvOPtQ=,aF80S/4iaDLSTi+NtVtaPTsM8TE=
-4,19,NcLCvk2rXDkr2XSuI/jN8wvOPtQ=,BuBokXhFhhmesHd4fL5/rVvwwNw=
-5,19,NcLCvk2rXDkr2XSuI/jN8wvOPtQ=,f9XiYMYOtVwD5So0koawZg3JTZs=
-4,17,2q3qhKmBIMlpqA6cG/N7CV0KKi0=,opYciqVWJbVVsTpZJYc2E8PdhCQ=
-4,18,2q3qhKmBIMlpqA6cG/N7CV0KKi0=,BuBokXhFhhmesHd4fL5/rVvwwNw=
-5,18,2q3qhKmBIMlpqA6cG/N7CV0KKi0=,f9XiYMYOtVwD5So0koawZg3JTZs=
-5,17,2q3qhKmBIMlpqA6cG/N7CV0KKi0=,yg0XdqA7F6xc4yqNBrPd1e5BGnw=
-6,18,obRxzLaxHfLSDkydRSa4aOD3wAE=,f9XiYMYOtVwD5So0koawZg3JTZs=
-6,17,obRxzLaxHfLSDkydRSa4aOD3wAE=,yg0XdqA7F6xc4yqNBrPd1e5BGnw=
-7,17,obRxzLaxHfLSDkydRSa4aOD3wAE=,mKaDSOhd+IGqKSVxNqSlXJRlYr8=
-7,18,obRxzLaxHfLSDkydRSa4aOD3wAE=,n4eKpU5GjKh1jkKWF+3mxmcDEQQ=
-8,18,9W6u1IoALpSAetZm+gy1wbTzHt0=,n4eKpU5GjKh1jkKWF+3mxmcDEQQ=
-8,17,9W6u1IoALpSAetZm+gy1wbTzHt0=,mKaDSOhd+IGqKSVxNqSlXJRlYr8=
-9,18,9W6u1IoALpSAetZm+gy1wbTzHt0=,bWc+X5IZg7zSLleZFcasNfOd4Nc=
-9,17,9W6u1IoALpSAetZm+gy1wbTzHt0=,Wfg+97lzz1bOXA/E90Zajzvd/Bg=
-11,18,rKu39ICAboVWwT+K1IRC5kxtquA=,luWIlzMNolEvralsCCiq9nnlhpg=
-10,17,rKu39ICAboVWwT+K1IRC5kxtquA=,Wfg+97lzz1bOXA/E90Zajzvd/Bg=
-10,18,rKu39ICAboVWwT+K1IRC5kxtquA=,bWc+X5IZg7zSLleZFcasNfOd4Nc=
-11,17,rKu39ICAboVWwT+K1IRC5kxtquA=,69+z6tn4e3r0MN4COsDIpCG/A9Q=
-13,18,hIVf+LBb+6B2ZRhYOT+YUvijqo0=,tJo9mLRxgTmvBKXMjaTHSfe+MiQ=
-13,17,hIVf+LBb+6B2ZRhYOT+YUvijqo0=,ZFtokorKU218aaSR7w7lXewF5jE=
-12,18,A30kHTMdy3fkPyBXdbbFl6AU4jc=,luWIlzMNolEvralsCCiq9nnlhpg=
-12,17,A30kHTMdy3fkPyBXdbbFl6AU4jc=,69+z6tn4e3r0MN4COsDIpCG/A9Q=
-15,20,0M60Jk8f9I63QjQWZ2+yaQJQBkY=,PdqQU0eUN6AA16aGNW7EfJUYn/Q=
-14,20,0M60Jk8f9I63QjQWZ2+yaQJQBkY=,2YngCKdmbckQkY5tzHVwRWwBKWQ=
-14,19,0M60Jk8f9I63QjQWZ2+yaQJQBkY=,tJo9mLRxgTmvBKXMjaTHSfe+MiQ=
-15,19,0M60Jk8f9I63QjQWZ2+yaQJQBkY=,GJKnUz2/KUJgAFIUlaqa67gPlbY=
-14,18,SPJQL5h/B/GB3CO24WmPtF/FrP8=,tJo9mLRxgTmvBKXMjaTHSfe+MiQ=
-14,17,SPJQL5h/B/GB3CO24WmPtF/FrP8=,ZFtokorKU218aaSR7w7lXewF5jE=
-15,18,SPJQL5h/B/GB3CO24WmPtF/FrP8=,GJKnUz2/KUJgAFIUlaqa67gPlbY=
-15,17,SPJQL5h/B/GB3CO24WmPtF/FrP8=,hW8GECRxCd6IrCD6QdgF6uT0pMY=
-16,20,S6YhaRAbBXcFARsBLaT22EXfapM=,PdqQU0eUN6AA16aGNW7EfJUYn/Q=
-16,19,S6YhaRAbBXcFARsBLaT22EXfapM=,GJKnUz2/KUJgAFIUlaqa67gPlbY=
-16,18,xpBBeWHh8Tz8oQ0YC926X1Pn75Y=,GJKnUz2/KUJgAFIUlaqa67gPlbY=
-16,17,xpBBeWHh8Tz8oQ0YC926X1Pn75Y=,hW8GECRxCd6IrCD6QdgF6uT0pMY=
-14,16,NqjoROEYBsT9LXSm+BUF5e6tQa4=,ZFtokorKU218aaSR7w7lXewF5jE=
-15,16,NqjoROEYBsT9LXSm+BUF5e6tQa4=,hW8GECRxCd6IrCD6QdgF6uT0pMY=
-12,16,NqjoROEYBsT9LXSm+BUF5e6tQa4=,69+z6tn4e3r0MN4COsDIpCG/A9Q=
-13,16,NqjoROEYBsT9LXSm+BUF5e6tQa4=,ZFtokorKU218aaSR7w7lXewF5jE=
-11,16,NqjoROEYBsT9LXSm+BUF5e6tQa4=,69+z6tn4e3r0MN4COsDIpCG/A9Q=
-10,16,NqjoROEYBsT9LXSm+BUF5e6tQa4=,Wfg+97lzz1bOXA/E90Zajzvd/Bg=
-8,16,R2uMXifG4ZrF2HezzLtqhCru2/E=,mKaDSOhd+IGqKSVxNqSlXJRlYr8=
-9,16,R2uMXifG4ZrF2HezzLtqhCru2/E=,Wfg+97lzz1bOXA/E90Zajzvd/Bg=
-6,16,Ul+EIs6IA41FdII1+eiBvaQ6PEE=,yg0XdqA7F6xc4yqNBrPd1e5BGnw=
-7,16,Ul+EIs6IA41FdII1+eiBvaQ6PEE=,mKaDSOhd+IGqKSVxNqSlXJRlYr8=
-4,21,Ul+EIs6IA41FdII1+eiBvaQ6PEE=,aF80S/4iaDLSTi+NtVtaPTsM8TE=
-5,21,Ul+EIs6IA41FdII1+eiBvaQ6PEE=,hhPGfv1UZNznUPUHCsBsT6rv4O4=
-11,21,xu30phumk/zmpszDCl//ycd4mm4=,2fIDNLePMkIrad6sHFctApB2CVs=
-13,20,xu30phumk/zmpszDCl//ycd4mm4=,2YngCKdmbckQkY5tzHVwRWwBKWQ=
-10,21,xu30phumk/zmpszDCl//ycd4mm4=,L0Xbk1sJi9lFrsDHoDzsCyvTZyM=
-10,20,xu30phumk/zmpszDCl//ycd4mm4=,L0Xbk1sJi9lFrsDHoDzsCyvTZyM=
-11,20,xu30phumk/zmpszDCl//ycd4mm4=,2fIDNLePMkIrad6sHFctApB2CVs=
-12,20,xu30phumk/zmpszDCl//ycd4mm4=,2fIDNLePMkIrad6sHFctApB2CVs=
-5,16,xu30phumk/zmpszDCl//ycd4mm4=,yg0XdqA7F6xc4yqNBrPd1e5BGnw=
-4,16,xu30phumk/zmpszDCl//ycd4mm4=,opYciqVWJbVVsTpZJYc2E8PdhCQ=
-1,16,xu30phumk/zmpszDCl//ycd4mm4=,IPzB5GvRZ3pN+54pZTe2MnaycL0=
-2,16,hQror6FcKtKaENLedKlgCsy6tBk=,IPzB5GvRZ3pN+54pZTe2MnaycL0=
-3,16,hQror6FcKtKaENLedKlgCsy6tBk=,opYciqVWJbVVsTpZJYc2E8PdhCQ=
-13,19,hQror6FcKtKaENLedKlgCsy6tBk=,tJo9mLRxgTmvBKXMjaTHSfe+MiQ=
-11,19,hQror6FcKtKaENLedKlgCsy6tBk=,luWIlzMNolEvralsCCiq9nnlhpg=
-10,19,hQror6FcKtKaENLedKlgCsy6tBk=,bWc+X5IZg7zSLleZFcasNfOd4Nc=
-12,19,hQror6FcKtKaENLedKlgCsy6tBk=,luWIlzMNolEvralsCCiq9nnlhpg=
-7,21,hQror6FcKtKaENLedKlgCsy6tBk=,HBfjbeu2jQXLca/qYgZ9IMoAjMw=
-9,21,hQror6FcKtKaENLedKlgCsy6tBk=,L0Xbk1sJi9lFrsDHoDzsCyvTZyM=
-6,21,hQror6FcKtKaENLedKlgCsy6tBk=,hhPGfv1UZNznUPUHCsBsT6rv4O4=
-8,21,hQror6FcKtKaENLedKlgCsy6tBk=,HBfjbeu2jQXLca/qYgZ9IMoAjMw=
-7,20,hQror6FcKtKaENLedKlgCsy6tBk=,HBfjbeu2jQXLca/qYgZ9IMoAjMw=
-9,20,hQror6FcKtKaENLedKlgCsy6tBk=,L0Xbk1sJi9lFrsDHoDzsCyvTZyM=
-8,20,hQror6FcKtKaENLedKlgCsy6tBk=,HBfjbeu2jQXLca/qYgZ9IMoAjMw=
-13,21,hQror6FcKtKaENLedKlgCsy6tBk=,2YngCKdmbckQkY5tzHVwRWwBKWQ=
-12,21,hQror6FcKtKaENLedKlgCsy6tBk=,2fIDNLePMkIrad6sHFctApB2CVs=
-14,21,hQror6FcKtKaENLedKlgCsy6tBk=,2YngCKdmbckQkY5tzHVwRWwBKWQ=
-15,21,hQror6FcKtKaENLedKlgCsy6tBk=,PdqQU0eUN6AA16aGNW7EfJUYn/Q=
-16,21,hQror6FcKtKaENLedKlgCsy6tBk=,PdqQU0eUN6AA16aGNW7EfJUYn/Q=
-8,19,hQror6FcKtKaENLedKlgCsy6tBk=,n4eKpU5GjKh1jkKWF+3mxmcDEQQ=
-9,19,hQror6FcKtKaENLedKlgCsy6tBk=,bWc+X5IZg7zSLleZFcasNfOd4Nc=
-7,19,hQror6FcKtKaENLedKlgCsy6tBk=,n4eKpU5GjKh1jkKWF+3mxmcDEQQ=
-6,20,hQror6FcKtKaENLedKlgCsy6tBk=,hhPGfv1UZNznUPUHCsBsT6rv4O4=
-6,19,hQror6FcKtKaENLedKlgCsy6tBk=,f9XiYMYOtVwD5So0koawZg3JTZs=
-3,20,hQror6FcKtKaENLedKlgCsy6tBk=,aF80S/4iaDLSTi+NtVtaPTsM8TE=
-2,20,hQror6FcKtKaENLedKlgCsy6tBk=,qhFrR+FnkLmxmH2AaNfGikAQxOw=
-2,21,hQror6FcKtKaENLedKlgCsy6tBk=,qhFrR+FnkLmxmH2AaNfGikAQxOw=
-3,21,hQror6FcKtKaENLedKlgCsy6tBk=,aF80S/4iaDLSTi+NtVtaPTsM8TE=
-3,19,hQror6FcKtKaENLedKlgCsy6tBk=,BuBokXhFhhmesHd4fL5/rVvwwNw=
-2,19,hQror6FcKtKaENLedKlgCsy6tBk=,4FHRWhqqTEZgL1muOr/K3D8TXfk=
-1,21,hQror6FcKtKaENLedKlgCsy6tBk=,qhFrR+FnkLmxmH2AaNfGikAQxOw=
-1,20,hQror6FcKtKaENLedKlgCsy6tBk=,qhFrR+FnkLmxmH2AaNfGikAQxOw=
-16,16,VGBM8ORhKnX/zh5W2eWZhpbPZ/4=,hW8GECRxCd6IrCD6QdgF6uT0pMY=
-1,19,VGBM8ORhKnX/zh5W2eWZhpbPZ/4=,4FHRWhqqTEZgL1muOr/K3D8TXfk=
-1,17,VGBM8ORhKnX/zh5W2eWZhpbPZ/4=,IPzB5GvRZ3pN+54pZTe2MnaycL0=
-1,18,VGBM8ORhKnX/zh5W2eWZhpbPZ/4=,4FHRWhqqTEZgL1muOr/K3D8TXfk=
-3,5,hp5h0Ta0dN9eijetR7nWgEQG4t4=,FLVMFYtfrV/Z+ow9638NNZVUB8s=
-2,5,hp5h0Ta0dN9eijetR7nWgEQG4t4=,8Jv8jPoHUoMj+1MpqTTX+BR/S6o=
-3,6,hp5h0Ta0dN9eijetR7nWgEQG4t4=,kWfiWEXqR77swM0k/hG9CLLi3Hs=
-2,6,hp5h0Ta0dN9eijetR7nWgEQG4t4=,HybFDW5MMqkddVFbaFthvHAZ7Dc=
-3,3,xugUht1kw1uJCzWcEVhqCE1fcg0=,F9CA2pwvZ+9agrrXOwfGe0JgIZw=
-3,4,xugUht1kw1uJCzWcEVhqCE1fcg0=,FLVMFYtfrV/Z+ow9638NNZVUB8s=
-2,4,xugUht1kw1uJCzWcEVhqCE1fcg0=,8Jv8jPoHUoMj+1MpqTTX+BR/S6o=
-2,3,xugUht1kw1uJCzWcEVhqCE1fcg0=,aLAp59OIbU4djRE69h+uUexO7eY=
-3,1,CR0bk1PlJK9GrEI+NcIzZ8zVF7U=,nx9Jdyv/JIguZiPd/u74O7XnrQo=
-3,2,CR0bk1PlJK9GrEI+NcIzZ8zVF7U=,F9CA2pwvZ+9agrrXOwfGe0JgIZw=
-2,2,CR0bk1PlJK9GrEI+NcIzZ8zVF7U=,aLAp59OIbU4djRE69h+uUexO7eY=
-2,1,CR0bk1PlJK9GrEI+NcIzZ8zVF7U=,8rMu/YpSjdIpiL2+zkVqmklKJHk=
-4,1,PuzC1TRvcfuZO4TtjUOWgDQDIHI=,nx9Jdyv/JIguZiPd/u74O7XnrQo=
-4,2,PuzC1TRvcfuZO4TtjUOWgDQDIHI=,F9CA2pwvZ+9agrrXOwfGe0JgIZw=
-5,2,PuzC1TRvcfuZO4TtjUOWgDQDIHI=,bEUoOdC3INAa7AgzWtlIiWkBuLY=
-5,1,PuzC1TRvcfuZO4TtjUOWgDQDIHI=,HF/3KomYdCQ9MP7ovpcRsw3QoRM=
-6,1,gDmUdSCR1+KAjwLEdRaRKawaKCU=,HF/3KomYdCQ9MP7ovpcRsw3QoRM=
-6,2,gDmUdSCR1+KAjwLEdRaRKawaKCU=,bEUoOdC3INAa7AgzWtlIiWkBuLY=
-7,1,gDmUdSCR1+KAjwLEdRaRKawaKCU=,KPOAJCMAAT8mcirAXVcmfkA9TBI=
-7,2,gDmUdSCR1+KAjwLEdRaRKawaKCU=,GQ0VIxLmBMZx2ZB4IOMkXFwFRLs=
-9,2,T9D19IBkE5aMBZ6o5SiRTAWJD3c=,vOyCQuRKY5qreQjAs340OHFqNmA=
-8,2,T9D19IBkE5aMBZ6o5SiRTAWJD3c=,GQ0VIxLmBMZx2ZB4IOMkXFwFRLs=
-8,1,T9D19IBkE5aMBZ6o5SiRTAWJD3c=,KPOAJCMAAT8mcirAXVcmfkA9TBI=
-9,1,T9D19IBkE5aMBZ6o5SiRTAWJD3c=,R5zlv/PFGUY77Bz7Fzm+DOpzEAY=
-10,1,TyRmnkbnFtNTEInRAfNPGUJy3EY=,R5zlv/PFGUY77Bz7Fzm+DOpzEAY=
-10,2,TyRmnkbnFtNTEInRAfNPGUJy3EY=,vOyCQuRKY5qreQjAs340OHFqNmA=
-11,1,TyRmnkbnFtNTEInRAfNPGUJy3EY=,MX3vigLtrg7lcV3g0UCkuXct9Oo=
-11,2,TyRmnkbnFtNTEInRAfNPGUJy3EY=,E/p5PoXBSs2rryapbjz9rlcwIKY=
-13,1,/5GKZTmqYFi7jTBsnqnJdg//fqI=,uSJVoGZjwMjQWVjCrC5N2ImmqXo=
-12,2,/5GKZTmqYFi7jTBsnqnJdg//fqI=,E/p5PoXBSs2rryapbjz9rlcwIKY=
-12,1,/5GKZTmqYFi7jTBsnqnJdg//fqI=,MX3vigLtrg7lcV3g0UCkuXct9Oo=
-13,2,/5GKZTmqYFi7jTBsnqnJdg//fqI=,wzt3oy9XQ5wfV6WqLkoY4hP4f5E=
-13,3,6TJ8raMkglYY+5yd25pxO3DPDAY=,wzt3oy9XQ5wfV6WqLkoY4hP4f5E=
-12,3,6TJ8raMkglYY+5yd25pxO3DPDAY=,E/p5PoXBSs2rryapbjz9rlcwIKY=
-12,4,6TJ8raMkglYY+5yd25pxO3DPDAY=,CrppIUeQtZ++G4WdSiqHShqtfJI=
-13,4,6TJ8raMkglYY+5yd25pxO3DPDAY=,wUIqIfE/CvGtbkudL2sQvwzO5t0=
-13,5,ryr1/tHE3c3G1A/yW8OdiqwMFMo=,wUIqIfE/CvGtbkudL2sQvwzO5t0=
-12,5,ryr1/tHE3c3G1A/yW8OdiqwMFMo=,CrppIUeQtZ++G4WdSiqHShqtfJI=
-12,6,ryr1/tHE3c3G1A/yW8OdiqwMFMo=,X2adk0zWzv4OuIGMFLNWINub/Aw=
-13,6,ryr1/tHE3c3G1A/yW8OdiqwMFMo=,rKLA4GNRFQ3c++5ZyqZjWeyDu4A=
-10,4,UBMmGZqUiSiqrFuLb1+pz54vJ2Q=,YD9kSzA3Mk6T6fOeJcH4TEs/rT4=
-11,5,UBMmGZqUiSiqrFuLb1+pz54vJ2Q=,CrppIUeQtZ++G4WdSiqHShqtfJI=
-11,6,UBMmGZqUiSiqrFuLb1+pz54vJ2Q=,X2adk0zWzv4OuIGMFLNWINub/Aw=
-10,5,UBMmGZqUiSiqrFuLb1+pz54vJ2Q=,YD9kSzA3Mk6T6fOeJcH4TEs/rT4=
-10,3,UBMmGZqUiSiqrFuLb1+pz54vJ2Q=,vOyCQuRKY5qreQjAs340OHFqNmA=
-11,4,UBMmGZqUiSiqrFuLb1+pz54vJ2Q=,CrppIUeQtZ++G4WdSiqHShqtfJI=
-11,3,UBMmGZqUiSiqrFuLb1+pz54vJ2Q=,E/p5PoXBSs2rryapbjz9rlcwIKY=
-10,6,UBMmGZqUiSiqrFuLb1+pz54vJ2Q=,A2klEDggtY8foc8pmNhgi2MOzfg=
-9,6,D08pEau2Ca5i/hd9zjjtreNfDUg=,A2klEDggtY8foc8pmNhgi2MOzfg=
-9,5,D08pEau2Ca5i/hd9zjjtreNfDUg=,YD9kSzA3Mk6T6fOeJcH4TEs/rT4=
-8,3,D08pEau2Ca5i/hd9zjjtreNfDUg=,GQ0VIxLmBMZx2ZB4IOMkXFwFRLs=
-9,3,D08pEau2Ca5i/hd9zjjtreNfDUg=,vOyCQuRKY5qreQjAs340OHFqNmA=
-9,4,D08pEau2Ca5i/hd9zjjtreNfDUg=,YD9kSzA3Mk6T6fOeJcH4TEs/rT4=
-8,5,D08pEau2Ca5i/hd9zjjtreNfDUg=,MEEXd99VKKfAlhtGLul5rb/fzuw=
-8,6,D08pEau2Ca5i/hd9zjjtreNfDUg=,RqfcuLjaxkDPf+YxGvZKiw+YQHM=
-8,4,D08pEau2Ca5i/hd9zjjtreNfDUg=,MEEXd99VKKfAlhtGLul5rb/fzuw=
-7,6,bml/0UG8rtpYC/v30T+NHRH4mNY=,RqfcuLjaxkDPf+YxGvZKiw+YQHM=
-4,4,kARDMobrXigZc2+MUiY7M6tcUgM=,FLVMFYtfrV/Z+ow9638NNZVUB8s=
-6,6,kARDMobrXigZc2+MUiY7M6tcUgM=,sey+5g2u2H6A+9fuPjpZq1In9LU=
-7,3,kARDMobrXigZc2+MUiY7M6tcUgM=,GQ0VIxLmBMZx2ZB4IOMkXFwFRLs=
-4,3,kARDMobrXigZc2+MUiY7M6tcUgM=,F9CA2pwvZ+9agrrXOwfGe0JgIZw=
-6,3,kARDMobrXigZc2+MUiY7M6tcUgM=,bEUoOdC3INAa7AgzWtlIiWkBuLY=
-7,5,kARDMobrXigZc2+MUiY7M6tcUgM=,MEEXd99VKKfAlhtGLul5rb/fzuw=
-5,3,kARDMobrXigZc2+MUiY7M6tcUgM=,bEUoOdC3INAa7AgzWtlIiWkBuLY=
-4,5,kARDMobrXigZc2+MUiY7M6tcUgM=,FLVMFYtfrV/Z+ow9638NNZVUB8s=
-7,4,kARDMobrXigZc2+MUiY7M6tcUgM=,MEEXd99VKKfAlhtGLul5rb/fzuw=
-5,6,kARDMobrXigZc2+MUiY7M6tcUgM=,sey+5g2u2H6A+9fuPjpZq1In9LU=
-6,5,kARDMobrXigZc2+MUiY7M6tcUgM=,fui6tPaT8kLo+Y5PBxcbSmOm9Fs=
-5,5,kARDMobrXigZc2+MUiY7M6tcUgM=,fui6tPaT8kLo+Y5PBxcbSmOm9Fs=
-5,4,kARDMobrXigZc2+MUiY7M6tcUgM=,fui6tPaT8kLo+Y5PBxcbSmOm9Fs=
-4,6,kARDMobrXigZc2+MUiY7M6tcUgM=,kWfiWEXqR77swM0k/hG9CLLi3Hs=
-6,4,kARDMobrXigZc2+MUiY7M6tcUgM=,fui6tPaT8kLo+Y5PBxcbSmOm9Fs=
-3,8,ilkNEbkQWVKSysKaysmyh/6rKb4=,NE6yz/aLcGuHDEiuMVLRLsRVWx4=
-4,8,ilkNEbkQWVKSysKaysmyh/6rKb4=,NE6yz/aLcGuHDEiuMVLRLsRVWx4=
-4,7,ilkNEbkQWVKSysKaysmyh/6rKb4=,kWfiWEXqR77swM0k/hG9CLLi3Hs=
-5,7,ilkNEbkQWVKSysKaysmyh/6rKb4=,sey+5g2u2H6A+9fuPjpZq1In9LU=
-3,7,ilkNEbkQWVKSysKaysmyh/6rKb4=,kWfiWEXqR77swM0k/hG9CLLi3Hs=
-2,7,ilkNEbkQWVKSysKaysmyh/6rKb4=,HybFDW5MMqkddVFbaFthvHAZ7Dc=
-2,8,ilkNEbkQWVKSysKaysmyh/6rKb4=,YMZhoV1h6wP7snGsH/prNxisadg=
-5,8,ilkNEbkQWVKSysKaysmyh/6rKb4=,cpkBWXiP+jmg8uLqtC7+ZD96EkA=
-6,7,lhNl/387Lu/9ed6a+1S6asnX+Gc=,sey+5g2u2H6A+9fuPjpZq1In9LU=
-6,8,lhNl/387Lu/9ed6a+1S6asnX+Gc=,cpkBWXiP+jmg8uLqtC7+ZD96EkA=
-7,7,lhNl/387Lu/9ed6a+1S6asnX+Gc=,RqfcuLjaxkDPf+YxGvZKiw+YQHM=
-7,8,lhNl/387Lu/9ed6a+1S6asnX+Gc=,vk0SrCrpyUJwyfJKIN5a2qfXPWQ=
-9,8,vIWrLPDN4AOHLoAKeZzzJG0bJl8=,pEHSAU+LOC8NAkmVvQJofRXqydc=
-9,7,vIWrLPDN4AOHLoAKeZzzJG0bJl8=,A2klEDggtY8foc8pmNhgi2MOzfg=
-8,8,vIWrLPDN4AOHLoAKeZzzJG0bJl8=,vk0SrCrpyUJwyfJKIN5a2qfXPWQ=
-8,7,vIWrLPDN4AOHLoAKeZzzJG0bJl8=,RqfcuLjaxkDPf+YxGvZKiw+YQHM=
-9,9,vIWrLPDN4AOHLoAKeZzzJG0bJl8=,pEHSAU+LOC8NAkmVvQJofRXqydc=
-8,9,vIWrLPDN4AOHLoAKeZzzJG0bJl8=,vk0SrCrpyUJwyfJKIN5a2qfXPWQ=
-9,10,vIWrLPDN4AOHLoAKeZzzJG0bJl8=,ChxIk95CZYbRfyN34jKFyCrZzcw=
-8,10,vIWrLPDN4AOHLoAKeZzzJG0bJl8=,YA3vbOz4ud0PDMaPQY4+s/2+gC8=
-10,8,tSCya7ajXbSLwFzWQs28E0jwnBw=,pEHSAU+LOC8NAkmVvQJofRXqydc=
-10,7,tSCya7ajXbSLwFzWQs28E0jwnBw=,A2klEDggtY8foc8pmNhgi2MOzfg=
-11,9,tSCya7ajXbSLwFzWQs28E0jwnBw=,pvUYzceeYcLcmjlQi77x9HMOpgs=
-10,9,tSCya7ajXbSLwFzWQs28E0jwnBw=,pEHSAU+LOC8NAkmVvQJofRXqydc=
-11,8,tSCya7ajXbSLwFzWQs28E0jwnBw=,pvUYzceeYcLcmjlQi77x9HMOpgs=
-11,7,tSCya7ajXbSLwFzWQs28E0jwnBw=,X2adk0zWzv4OuIGMFLNWINub/Aw=
-10,10,tSCya7ajXbSLwFzWQs28E0jwnBw=,ChxIk95CZYbRfyN34jKFyCrZzcw=
-10,11,tSCya7ajXbSLwFzWQs28E0jwnBw=,ChxIk95CZYbRfyN34jKFyCrZzcw=
-10,12,tSCya7ajXbSLwFzWQs28E0jwnBw=,n9Iq2VyYpGgjdEPAePxwqr2gsgM=
-11,12,tSCya7ajXbSLwFzWQs28E0jwnBw=,N+ozWLCAyLPVgJ2cRHvLTBW8Tls=
-11,10,tSCya7ajXbSLwFzWQs28E0jwnBw=,OLmhHwRZECnIoMqDZaiNZTBkvKQ=
-11,11,tSCya7ajXbSLwFzWQs28E0jwnBw=,OLmhHwRZECnIoMqDZaiNZTBkvKQ=
-11,13,6rXlEYnXWtREsGAo6ERpvJYgcGM=,N+ozWLCAyLPVgJ2cRHvLTBW8Tls=
-10,13,6rXlEYnXWtREsGAo6ERpvJYgcGM=,n9Iq2VyYpGgjdEPAePxwqr2gsgM=
-12,13,6rXlEYnXWtREsGAo6ERpvJYgcGM=,N+ozWLCAyLPVgJ2cRHvLTBW8Tls=
-11,14,6rXlEYnXWtREsGAo6ERpvJYgcGM=,9+jfwXxeq9fpbS9A2LqgX94KgIk=
-10,14,6rXlEYnXWtREsGAo6ERpvJYgcGM=,tAn/3CzcJIZV6zDjSkOt6p3+zF4=
-12,14,6rXlEYnXWtREsGAo6ERpvJYgcGM=,9+jfwXxeq9fpbS9A2LqgX94KgIk=
-13,14,6rXlEYnXWtREsGAo6ERpvJYgcGM=,8nO52OnntAKrqOk8u0NNOYz297A=
-13,13,6rXlEYnXWtREsGAo6ERpvJYgcGM=,8zMfMaNqFaYXIMw4ojm74wiDeJo=
-12,12,tYw01mp8b+PdRGDgcnhSkeVjdPo=,N+ozWLCAyLPVgJ2cRHvLTBW8Tls=
-13,12,tYw01mp8b+PdRGDgcnhSkeVjdPo=,8zMfMaNqFaYXIMw4ojm74wiDeJo=
-12,11,tYw01mp8b+PdRGDgcnhSkeVjdPo=,OLmhHwRZECnIoMqDZaiNZTBkvKQ=
-13,11,tYw01mp8b+PdRGDgcnhSkeVjdPo=,GvkHWZU+V12POK9oA5K+2yD0SxI=
-14,13,XAdPkF/1L2H79HAgJ/MHScTNcUs=,8zMfMaNqFaYXIMw4ojm74wiDeJo=
-14,14,XAdPkF/1L2H79HAgJ/MHScTNcUs=,8nO52OnntAKrqOk8u0NNOYz297A=
-14,11,XAdPkF/1L2H79HAgJ/MHScTNcUs=,GvkHWZU+V12POK9oA5K+2yD0SxI=
-14,12,XAdPkF/1L2H79HAgJ/MHScTNcUs=,8zMfMaNqFaYXIMw4ojm74wiDeJo=
-15,14,XAdPkF/1L2H79HAgJ/MHScTNcUs=,pyBkj0jj+qbhs2STH79A1XcYWAQ=
-15,11,XAdPkF/1L2H79HAgJ/MHScTNcUs=,NMMZLaGfqbu8s18cR5TUpv2g+ak=
-15,13,XAdPkF/1L2H79HAgJ/MHScTNcUs=,pi28+BkjThIzlS0UwWzf2AykEt0=
-15,12,XAdPkF/1L2H79HAgJ/MHScTNcUs=,pi28+BkjThIzlS0UwWzf2AykEt0=
-12,10,FDVhgGYA0Du3v8oxlu1lscVmzbU=,OLmhHwRZECnIoMqDZaiNZTBkvKQ=
-13,10,FDVhgGYA0Du3v8oxlu1lscVmzbU=,GvkHWZU+V12POK9oA5K+2yD0SxI=
-12,7,FDVhgGYA0Du3v8oxlu1lscVmzbU=,X2adk0zWzv4OuIGMFLNWINub/Aw=
-13,7,FDVhgGYA0Du3v8oxlu1lscVmzbU=,rKLA4GNRFQ3c++5ZyqZjWeyDu4A=
-12,8,FDVhgGYA0Du3v8oxlu1lscVmzbU=,pvUYzceeYcLcmjlQi77x9HMOpgs=
-12,9,FDVhgGYA0Du3v8oxlu1lscVmzbU=,pvUYzceeYcLcmjlQi77x9HMOpgs=
-13,9,FDVhgGYA0Du3v8oxlu1lscVmzbU=,zvlE185umjbYCm9wU3d6QAyaCwQ=
-13,8,FDVhgGYA0Du3v8oxlu1lscVmzbU=,zvlE185umjbYCm9wU3d6QAyaCwQ=
-15,7,fOVuXRplsvxDZ+okNkFd2878/Vs=,qK17gIaXj3e9AcmyNQJKhFpiiTk=
-15,8,fOVuXRplsvxDZ+okNkFd2878/Vs=,V3zY7dyVf1rIpdiBD/fC+J68roY=
-15,9,fOVuXRplsvxDZ+okNkFd2878/Vs=,V3zY7dyVf1rIpdiBD/fC+J68roY=
-14,10,fOVuXRplsvxDZ+okNkFd2878/Vs=,GvkHWZU+V12POK9oA5K+2yD0SxI=
-14,9,fOVuXRplsvxDZ+okNkFd2878/Vs=,zvlE185umjbYCm9wU3d6QAyaCwQ=
-15,10,fOVuXRplsvxDZ+okNkFd2878/Vs=,NMMZLaGfqbu8s18cR5TUpv2g+ak=
-14,5,fOVuXRplsvxDZ+okNkFd2878/Vs=,wUIqIfE/CvGtbkudL2sQvwzO5t0=
-15,5,fOVuXRplsvxDZ+okNkFd2878/Vs=,Vz62qP9T4zkcVl9J/cWiBAjppFk=
-15,6,fOVuXRplsvxDZ+okNkFd2878/Vs=,qK17gIaXj3e9AcmyNQJKhFpiiTk=
-14,7,fOVuXRplsvxDZ+okNkFd2878/Vs=,rKLA4GNRFQ3c++5ZyqZjWeyDu4A=
-14,8,fOVuXRplsvxDZ+okNkFd2878/Vs=,zvlE185umjbYCm9wU3d6QAyaCwQ=
-14,6,fOVuXRplsvxDZ+okNkFd2878/Vs=,rKLA4GNRFQ3c++5ZyqZjWeyDu4A=
-14,4,dKEehq9hrz70TghePFqoUiAhA+0=,wUIqIfE/CvGtbkudL2sQvwzO5t0=
-14,3,dKEehq9hrz70TghePFqoUiAhA+0=,wzt3oy9XQ5wfV6WqLkoY4hP4f5E=
-16,4,dKEehq9hrz70TghePFqoUiAhA+0=,Vz62qP9T4zkcVl9J/cWiBAjppFk=
-15,4,dKEehq9hrz70TghePFqoUiAhA+0=,Vz62qP9T4zkcVl9J/cWiBAjppFk=
-15,3,dKEehq9hrz70TghePFqoUiAhA+0=,7DaCGmlaXyey2kJJ8sEOfOBc7OU=
-16,3,dKEehq9hrz70TghePFqoUiAhA+0=,7DaCGmlaXyey2kJJ8sEOfOBc7OU=
-15,1,bPPBjNMpWvXYFeJG2tO/DHeSW0U=,vI/4oCarBk0RwjT003gOe8UB5wQ=
-16,1,bPPBjNMpWvXYFeJG2tO/DHeSW0U=,vI/4oCarBk0RwjT003gOe8UB5wQ=
-14,1,bPPBjNMpWvXYFeJG2tO/DHeSW0U=,uSJVoGZjwMjQWVjCrC5N2ImmqXo=
-16,2,bPPBjNMpWvXYFeJG2tO/DHeSW0U=,7DaCGmlaXyey2kJJ8sEOfOBc7OU=
-14,0,bPPBjNMpWvXYFeJG2tO/DHeSW0U=,uSJVoGZjwMjQWVjCrC5N2ImmqXo=
-15,2,bPPBjNMpWvXYFeJG2tO/DHeSW0U=,7DaCGmlaXyey2kJJ8sEOfOBc7OU=
-15,0,bPPBjNMpWvXYFeJG2tO/DHeSW0U=,vI/4oCarBk0RwjT003gOe8UB5wQ=
-14,2,bPPBjNMpWvXYFeJG2tO/DHeSW0U=,wzt3oy9XQ5wfV6WqLkoY4hP4f5E=
-13,0,dagP5O67u09/2gYvj9sb25iB2B8=,uSJVoGZjwMjQWVjCrC5N2ImmqXo=
-12,0,t+cyW5mR1Vym0q6x4dnd4GO9n+Y=,MX3vigLtrg7lcV3g0UCkuXct9Oo=
-11,0,t+cyW5mR1Vym0q6x4dnd4GO9n+Y=,MX3vigLtrg7lcV3g0UCkuXct9Oo=
-10,0,t+cyW5mR1Vym0q6x4dnd4GO9n+Y=,R5zlv/PFGUY77Bz7Fzm+DOpzEAY=
-6,0,t+cyW5mR1Vym0q6x4dnd4GO9n+Y=,HF/3KomYdCQ9MP7ovpcRsw3QoRM=
-9,0,t+cyW5mR1Vym0q6x4dnd4GO9n+Y=,R5zlv/PFGUY77Bz7Fzm+DOpzEAY=
-7,0,t+cyW5mR1Vym0q6x4dnd4GO9n+Y=,KPOAJCMAAT8mcirAXVcmfkA9TBI=
-8,0,t+cyW5mR1Vym0q6x4dnd4GO9n+Y=,KPOAJCMAAT8mcirAXVcmfkA9TBI=
-2,0,qzEKAFSkMZ2HstXHEbtWhVDFKJA=,8rMu/YpSjdIpiL2+zkVqmklKJHk=
-4,0,qzEKAFSkMZ2HstXHEbtWhVDFKJA=,nx9Jdyv/JIguZiPd/u74O7XnrQo=
-3,0,qzEKAFSkMZ2HstXHEbtWhVDFKJA=,nx9Jdyv/JIguZiPd/u74O7XnrQo=
-1,2,qzEKAFSkMZ2HstXHEbtWhVDFKJA=,aLAp59OIbU4djRE69h+uUexO7eY=
-1,1,qzEKAFSkMZ2HstXHEbtWhVDFKJA=,8rMu/YpSjdIpiL2+zkVqmklKJHk=
-5,0,qzEKAFSkMZ2HstXHEbtWhVDFKJA=,HF/3KomYdCQ9MP7ovpcRsw3QoRM=
-1,0,l6EbiuF1miyfctOfMpje1/Ko2NE=,8rMu/YpSjdIpiL2+zkVqmklKJHk=
-1,6,7Ov1Qw7odhBdaS8gJDhR1As2DlQ=,HybFDW5MMqkddVFbaFthvHAZ7Dc=
-1,5,7Ov1Qw7odhBdaS8gJDhR1As2DlQ=,8Jv8jPoHUoMj+1MpqTTX+BR/S6o=
-1,4,7Ov1Qw7odhBdaS8gJDhR1As2DlQ=,8Jv8jPoHUoMj+1MpqTTX+BR/S6o=
-1,3,7Ov1Qw7odhBdaS8gJDhR1As2DlQ=,aLAp59OIbU4djRE69h+uUexO7eY=
-2,13,K2CCUq8wxayFFF/KtvHChb/YnhM=,/MhCvWs7pkfaAnzQp7dM4VdeadI=
-3,13,K2CCUq8wxayFFF/KtvHChb/YnhM=,Ei6TaoP3KVpGm6x0/dyHuXs/yI0=
-2,14,K2CCUq8wxayFFF/KtvHChb/YnhM=,wYuXg3fL4Qa8MDGj6GOxFOwxsD4=
-3,14,K2CCUq8wxayFFF/KtvHChb/YnhM=,YUAcOZfQkQYFQTCK8rHmgVC9AqU=
-4,13,O1Y3RzShRModb5LuvZ/PVJ8EYjU=,Ei6TaoP3KVpGm6x0/dyHuXs/yI0=
-4,14,O1Y3RzShRModb5LuvZ/PVJ8EYjU=,YUAcOZfQkQYFQTCK8rHmgVC9AqU=
-5,13,O1Y3RzShRModb5LuvZ/PVJ8EYjU=,1SpiI30Bl6ROnUk6i4AiWG1A5d4=
-5,14,O1Y3RzShRModb5LuvZ/PVJ8EYjU=,6mlDnPrwXsDEDrcKErYX34ZjicA=
-6,13,6sWZGl+werxTi1dUK+TuZP2cI4s=,1SpiI30Bl6ROnUk6i4AiWG1A5d4=
-8,11,QLZpp+LhHLW81PuvcSv0IerLwqA=,YA3vbOz4ud0PDMaPQY4+s/2+gC8=
-7,13,QLZpp+LhHLW81PuvcSv0IerLwqA=,2xmK7SbH9Ff+SiHXKLhEGMFLNSU=
-9,13,QLZpp+LhHLW81PuvcSv0IerLwqA=,n9Iq2VyYpGgjdEPAePxwqr2gsgM=
-9,14,QLZpp+LhHLW81PuvcSv0IerLwqA=,tAn/3CzcJIZV6zDjSkOt6p3+zF4=
-8,12,QLZpp+LhHLW81PuvcSv0IerLwqA=,2xmK7SbH9Ff+SiHXKLhEGMFLNSU=
-9,12,QLZpp+LhHLW81PuvcSv0IerLwqA=,n9Iq2VyYpGgjdEPAePxwqr2gsgM=
-9,11,QLZpp+LhHLW81PuvcSv0IerLwqA=,ChxIk95CZYbRfyN34jKFyCrZzcw=
-6,14,QLZpp+LhHLW81PuvcSv0IerLwqA=,6mlDnPrwXsDEDrcKErYX34ZjicA=
-8,13,QLZpp+LhHLW81PuvcSv0IerLwqA=,2xmK7SbH9Ff+SiHXKLhEGMFLNSU=
-8,14,QLZpp+LhHLW81PuvcSv0IerLwqA=,Ma4BAnYWBth54aG5Ji1PC7fcIEk=
-7,14,QLZpp+LhHLW81PuvcSv0IerLwqA=,Ma4BAnYWBth54aG5Ji1PC7fcIEk=
-7,9,+By828o3q7aC9Z1l5Wxk9Q0G+bQ=,vk0SrCrpyUJwyfJKIN5a2qfXPWQ=
-6,9,+By828o3q7aC9Z1l5Wxk9Q0G+bQ=,cpkBWXiP+jmg8uLqtC7+ZD96EkA=
-6,12,+By828o3q7aC9Z1l5Wxk9Q0G+bQ=,1SpiI30Bl6ROnUk6i4AiWG1A5d4=
-7,10,+By828o3q7aC9Z1l5Wxk9Q0G+bQ=,YA3vbOz4ud0PDMaPQY4+s/2+gC8=
-7,11,+By828o3q7aC9Z1l5Wxk9Q0G+bQ=,YA3vbOz4ud0PDMaPQY4+s/2+gC8=
-7,12,+By828o3q7aC9Z1l5Wxk9Q0G+bQ=,2xmK7SbH9Ff+SiHXKLhEGMFLNSU=
-6,11,+By828o3q7aC9Z1l5Wxk9Q0G+bQ=,8vw922hvVDmt6Urhv0QsjuBZwpE=
-6,10,+By828o3q7aC9Z1l5Wxk9Q0G+bQ=,8vw922hvVDmt6Urhv0QsjuBZwpE=
-5,12,fQE0lwf1ITba2L5CPe0NednZ+7w=,1SpiI30Bl6ROnUk6i4AiWG1A5d4=
-5,11,fQE0lwf1ITba2L5CPe0NednZ+7w=,8vw922hvVDmt6Urhv0QsjuBZwpE=
-4,12,X2JnF12N6MoEGxZPkGbZIzU/oac=,Ei6TaoP3KVpGm6x0/dyHuXs/yI0=
-4,9,X2JnF12N6MoEGxZPkGbZIzU/oac=,NE6yz/aLcGuHDEiuMVLRLsRVWx4=
-5,10,X2JnF12N6MoEGxZPkGbZIzU/oac=,8vw922hvVDmt6Urhv0QsjuBZwpE=
-5,9,X2JnF12N6MoEGxZPkGbZIzU/oac=,cpkBWXiP+jmg8uLqtC7+ZD96EkA=
-4,10,X2JnF12N6MoEGxZPkGbZIzU/oac=,FsbD/k1B2otlKN8eNhCtKLYS/fw=
-4,11,X2JnF12N6MoEGxZPkGbZIzU/oac=,FsbD/k1B2otlKN8eNhCtKLYS/fw=
-2,12,cpHLwFVoRqQB94uQLPczlOk/x+Y=,/MhCvWs7pkfaAnzQp7dM4VdeadI=
-2,9,cpHLwFVoRqQB94uQLPczlOk/x+Y=,YMZhoV1h6wP7snGsH/prNxisadg=
-2,10,cpHLwFVoRqQB94uQLPczlOk/x+Y=,9o3csD7jxYK0PIiqqWaDnTYJuY4=
-2,11,cpHLwFVoRqQB94uQLPczlOk/x+Y=,9o3csD7jxYK0PIiqqWaDnTYJuY4=
-3,11,cpHLwFVoRqQB94uQLPczlOk/x+Y=,FsbD/k1B2otlKN8eNhCtKLYS/fw=
-3,9,cpHLwFVoRqQB94uQLPczlOk/x+Y=,NE6yz/aLcGuHDEiuMVLRLsRVWx4=
-3,10,cpHLwFVoRqQB94uQLPczlOk/x+Y=,FsbD/k1B2otlKN8eNhCtKLYS/fw=
-3,12,cpHLwFVoRqQB94uQLPczlOk/x+Y=,Ei6TaoP3KVpGm6x0/dyHuXs/yI0=
-1,11,cpHLwFVoRqQB94uQLPczlOk/x+Y=,9o3csD7jxYK0PIiqqWaDnTYJuY4=
-1,12,cpHLwFVoRqQB94uQLPczlOk/x+Y=,/MhCvWs7pkfaAnzQp7dM4VdeadI=
-1,10,cpHLwFVoRqQB94uQLPczlOk/x+Y=,9o3csD7jxYK0PIiqqWaDnTYJuY4=
-1,7,cpHLwFVoRqQB94uQLPczlOk/x+Y=,HybFDW5MMqkddVFbaFthvHAZ7Dc=
-1,9,cpHLwFVoRqQB94uQLPczlOk/x+Y=,YMZhoV1h6wP7snGsH/prNxisadg=
-1,8,cpHLwFVoRqQB94uQLPczlOk/x+Y=,YMZhoV1h6wP7snGsH/prNxisadg=
-1,15,w/wxcACmfLmHF6RBTGTpPLe/Me8=,wYuXg3fL4Qa8MDGj6GOxFOwxsD4=
-1,13,w/wxcACmfLmHF6RBTGTpPLe/Me8=,/MhCvWs7pkfaAnzQp7dM4VdeadI=
-1,14,w/wxcACmfLmHF6RBTGTpPLe/Me8=,wYuXg3fL4Qa8MDGj6GOxFOwxsD4=
-9,15,139Ct80Gz+004lYv61wQcCroyAQ=,tAn/3CzcJIZV6zDjSkOt6p3+zF4=
-8,15,139Ct80Gz+004lYv61wQcCroyAQ=,Ma4BAnYWBth54aG5Ji1PC7fcIEk=
-10,15,6bwqYAnMI56+VNNV4He4YHFqlNA=,tAn/3CzcJIZV6zDjSkOt6p3+zF4=
-11,15,6bwqYAnMI56+VNNV4He4YHFqlNA=,9+jfwXxeq9fpbS9A2LqgX94KgIk=
-12,15,6bwqYAnMI56+VNNV4He4YHFqlNA=,9+jfwXxeq9fpbS9A2LqgX94KgIk=
-13,15,6bwqYAnMI56+VNNV4He4YHFqlNA=,8nO52OnntAKrqOk8u0NNOYz297A=
-6,15,ghFYWFsZ4l7JI8YpO0bHTc2Zo3U=,6mlDnPrwXsDEDrcKErYX34ZjicA=
-7,15,ghFYWFsZ4l7JI8YpO0bHTc2Zo3U=,Ma4BAnYWBth54aG5Ji1PC7fcIEk=
-14,15,ghFYWFsZ4l7JI8YpO0bHTc2Zo3U=,8nO52OnntAKrqOk8u0NNOYz297A=
-15,15,TMHMLQBwTxvWEC10b+q1JLNPk/A=,pyBkj0jj+qbhs2STH79A1XcYWAQ=
-4,15,Y4mf0Z+TicuGHDrkNddkySv/18w=,YUAcOZfQkQYFQTCK8rHmgVC9AqU=
-5,15,Y4mf0Z+TicuGHDrkNddkySv/18w=,6mlDnPrwXsDEDrcKErYX34ZjicA=
-2,15,Y4mf0Z+TicuGHDrkNddkySv/18w=,wYuXg3fL4Qa8MDGj6GOxFOwxsD4=
-3,15,Y4mf0Z+TicuGHDrkNddkySv/18w=,YUAcOZfQkQYFQTCK8rHmgVC9AqU=
-16,11,y+cdR1hP6OcQCzkbvjqcWcvZjOc=,NMMZLaGfqbu8s18cR5TUpv2g+ak=
-16,12,y+cdR1hP6OcQCzkbvjqcWcvZjOc=,pi28+BkjThIzlS0UwWzf2AykEt0=
-16,14,y+cdR1hP6OcQCzkbvjqcWcvZjOc=,pyBkj0jj+qbhs2STH79A1XcYWAQ=
-16,13,y+cdR1hP6OcQCzkbvjqcWcvZjOc=,pi28+BkjThIzlS0UwWzf2AykEt0=
-16,5,drAqxiooeWzWEHYMBmyc18fot1w=,Vz62qP9T4zkcVl9J/cWiBAjppFk=
-16,6,drAqxiooeWzWEHYMBmyc18fot1w=,qK17gIaXj3e9AcmyNQJKhFpiiTk=
-16,7,drAqxiooeWzWEHYMBmyc18fot1w=,qK17gIaXj3e9AcmyNQJKhFpiiTk=
-16,0,drAqxiooeWzWEHYMBmyc18fot1w=,vI/4oCarBk0RwjT003gOe8UB5wQ=
-16,8,drAqxiooeWzWEHYMBmyc18fot1w=,V3zY7dyVf1rIpdiBD/fC+J68roY=
-16,9,drAqxiooeWzWEHYMBmyc18fot1w=,V3zY7dyVf1rIpdiBD/fC+J68roY=
-16,15,drAqxiooeWzWEHYMBmyc18fot1w=,pyBkj0jj+qbhs2STH79A1XcYWAQ=
-16,10,drAqxiooeWzWEHYMBmyc18fot1w=,NMMZLaGfqbu8s18cR5TUpv2g+ak=
