2,1,b2spYhhzPmWl7zxgQmRYfQVSSVY=,cbFun73EE08vpO3KZWgFKA7CkdM=
1,2,b2spYhhzPmWl7zxgQmRYfQVSSVY=,laMo8WZAfN9a46ROumZsgENWi4k=
2,2,b2spYhhzPmWl7zxgQmRYfQVSSVY=,+nN1Wvxr88WB+P2k8gm0592ovpE=
1,1,b2spYhhzPmWl7zxgQmRYfQVSSVY=,8pedsT09owvkJylT+WiI8VjVh1g=
1,3,Otcj5bey1VLPOl/s5rhVfVAI1Zg=,laMo8WZAfN9a46ROumZsgENWi4k=
2,3,Qjo+PvIKQDIipBbMZ7KodojZ52A=,+nN1Wvxr88WB+P2k8gm0592ovpE=
1,4,Qjo+PvIKQDIipBbMZ7KodojZ52A=,kw03f5bruQ8Q/Mf2gVXcI46JIOA=
2,4,Qjo+PvIKQDIipBbMZ7KodojZ52A=,yjk6wwdHENIoOhxnjdxdnzOSo+M=
1,5,r2QdsyTHPhKh4DjOvvNFdYvdTIk=,kw03f5bruQ8Q/Mf2gVXcI46JIOA=
1,6,t+msSlOt7MDneb/m6EjRjMLiX0o=,/m1tvmOUqkIbyOgz2MmOlunnDyA=
2,5,t+msSlOt7MDneb/m6EjRjMLiX0o=,yjk6wwdHENIoOhxnjdxdnzOSo+M=
2,6,t+msSlOt7MDneb/m6EjRjMLiX0o=,ybDIwGJovR+fpw2sEWa7UWkmH1Y=
1,7,L09IyQ0pbljdzxC1P8IQt7JSB0k=,/m1tvmOUqkIbyOgz2MmOlunnDyA=
2,7,L09IyQ0pbljdzxC1P8IQt7JSB0k=,ybDIwGJovR+fpw2sEWa7UWkmH1Y=
1,8,L09IyQ0pbljdzxC1P8IQt7JSB0k=,YMZhoV1h6wP7snGsH/prNxisadg=
2,8,L09IyQ0pbljdzxC1P8IQt7JSB0k=,mJbK4IADqeAaz7iFCgOpCyhzdD4=
1,9,ArFDUvHi3xtEWckJUiiMgILtlwQ=,YMZhoV1h6wP7snGsH/prNxisadg=
2,9,ArFDUvHi3xtEWckJUiiMgILtlwQ=,mJbK4IADqeAaz7iFCgOpCyhzdD4=
2,10,ArFDUvHi3xtEWckJUiiMgILtlwQ=,eSzylYxWPKX9uHDycnKsOucGvWQ=
1,10,ArFDUvHi3xtEWckJUiiMgILtlwQ=,85HqjCxuZ/MQ5/ZY/1gSC1ryaRk=
1,11,78worO8qtMDi/hMdBj0iZv1q5nk=,85HqjCxuZ/MQ5/ZY/1gSC1ryaRk=
1,12,78worO8qtMDi/hMdBj0iZv1q5nk=,QM5W/N6TmFp2NgYLGV80lJeMrPo=
2,12,78worO8qtMDi/hMdBj0iZv1q5nk=,L8uZtmUtXA9rmoRVNuTbluaanH8=
2,11,78worO8qtMDi/hMdBj0iZv1q5nk=,eSzylYxWPKX9uHDycnKsOucGvWQ=
2,13,2YriUevgjXEJKDwPxVeA19PT3Tk=,L8uZtmUtXA9rmoRVNuTbluaanH8=
1,13,2YriUevgjXEJKDwPxVeA19PT3Tk=,QM5W/N6TmFp2NgYLGV80lJeMrPo=
1,14,2YriUevgjXEJKDwPxVeA19PT3Tk=,TYuifvZ9XHr7REEKY5xg9l+Lf7I=
2,14,2YriUevgjXEJKDwPxVeA19PT3Tk=,gKnKEtlLklvDBWD2o5d9cS/dBsc=
4,14,+dGGN12clq5dYaB7y0rfoRHyLwY=,rO/RMiDLcMwVmHEiXTW5KijqIdo=
4,13,+dGGN12clq5dYaB7y0rfoRHyLwY=,tmbnzd878x9SZAwDQcsDxEABtRE=
3,14,+dGGN12clq5dYaB7y0rfoRHyLwY=,gKnKEtlLklvDBWD2o5d9cS/dBsc=
3,13,+dGGN12clq5dYaB7y0rfoRHyLwY=,L8uZtmUtXA9rmoRVNuTbluaanH8=
4,12,6zaZVD1y1epAx/LXlPbttyT+1wU=,tmbnzd878x9SZAwDQcsDxEABtRE=
3,12,6zaZVD1y1epAx/LXlPbttyT+1wU=,L8uZtmUtXA9rmoRVNuTbluaanH8=
4,11,6zaZVD1y1epAx/LXlPbttyT+1wU=,gpcq3b/sVXdjplndRIfm9amoq/M=
3,11,6zaZVD1y1epAx/LXlPbttyT+1wU=,eSzylYxWPKX9uHDycnKsOucGvWQ=
4,10,XE+Bnq48q1PlWPq8/ZzSFUoVT4U=,gpcq3b/sVXdjplndRIfm9amoq/M=
3,10,XE+Bnq48q1PlWPq8/ZzSFUoVT4U=,eSzylYxWPKX9uHDycnKsOucGvWQ=
3,9,XE+Bnq48q1PlWPq8/ZzSFUoVT4U=,mJbK4IADqeAaz7iFCgOpCyhzdD4=
4,9,XE+Bnq48q1PlWPq8/ZzSFUoVT4U=,1Fetw5G6p2dXtirmdXRTy4y3/o0=
3,7,CRD02kHm7jhXfTyUlPTDv/kc0EI=,ybDIwGJovR+fpw2sEWa7UWkmH1Y=
4,8,Ks5tl9+XCmk+Iz6jN8romQI/oQs=,1Fetw5G6p2dXtirmdXRTy4y3/o0=
3,8,Ks5tl9+XCmk+Iz6jN8romQI/oQs=,mJbK4IADqeAaz7iFCgOpCyhzdD4=
4,7,Ks5tl9+XCmk+Iz6jN8romQI/oQs=,pRimtdl2AFJZPee8EVaaOxZjJBs=
3,6,Ks5tl9+XCmk+Iz6jN8romQI/oQs=,ybDIwGJovR+fpw2sEWa7UWkmH1Y=
4,6,Ks5tl9+XCmk+Iz6jN8romQI/oQs=,pRimtdl2AFJZPee8EVaaOxZjJBs=
3,5,Ks5tl9+XCmk+Iz6jN8romQI/oQs=,yjk6wwdHENIoOhxnjdxdnzOSo+M=
4,5,Ks5tl9+XCmk+Iz6jN8romQI/oQs=,es2Tnn5cFA04mf9kjm3hCDg1LEQ=
4,3,Ks5tl9+XCmk+Iz6jN8romQI/oQs=,fs6p22wv8yh19S6qwl9NOAfih/M=
4,4,Ks5tl9+XCmk+Iz6jN8romQI/oQs=,es2Tnn5cFA04mf9kjm3hCDg1LEQ=
3,4,Ks5tl9+XCmk+Iz6jN8romQI/oQs=,yjk6wwdHENIoOhxnjdxdnzOSo+M=
3,3,Ks5tl9+XCmk+Iz6jN8romQI/oQs=,+nN1Wvxr88WB+P2k8gm0592ovpE=
4,2,V/p2gLxkDdDfHfclo24ZK3qKYB4=,fs6p22wv8yh19S6qwl9NOAfih/M=
4,1,V/p2gLxkDdDfHfclo24ZK3qKYB4=,lxu3Y+IbpV8JDq2NubIrLJoZ9ss=
3,1,V/p2gLxkDdDfHfclo24ZK3qKYB4=,cbFun73EE08vpO3KZWgFKA7CkdM=
3,2,V/p2gLxkDdDfHfclo24ZK3qKYB4=,+nN1Wvxr88WB+P2k8gm0592ovpE=
5,3,GmoS6aUIysQqaS9kfSzc3VG7Ekg=,fs6p22wv8yh19S6qwl9NOAfih/M=
6,3,GmoS6aUIysQqaS9kfSzc3VG7Ekg=,B6QHQs3xRckmWkIhB354rgg6tLQ=
6,4,GmoS6aUIysQqaS9kfSzc3VG7Ekg=,wolcaD7QxMsedY/vXHJFP5T6pio=
5,4,GmoS6aUIysQqaS9kfSzc3VG7Ekg=,es2Tnn5cFA04mf9kjm3hCDg1LEQ=
5,1,GmoS6aUIysQqaS9kfSzc3VG7Ekg=,lxu3Y+IbpV8JDq2NubIrLJoZ9ss=
5,2,GmoS6aUIysQqaS9kfSzc3VG7Ekg=,fs6p22wv8yh19S6qwl9NOAfih/M=
6,1,GmoS6aUIysQqaS9kfSzc3VG7Ekg=,0SA0Wkvg1S2NuGUgimYffKFKsNE=
6,2,GmoS6aUIysQqaS9kfSzc3VG7Ekg=,B6QHQs3xRckmWkIhB354rgg6tLQ=
5,5,M/sJEGlLz/Zx2fp9s65Gq9P6bKA=,es2Tnn5cFA04mf9kjm3hCDg1LEQ=
6,5,M/sJEGlLz/Zx2fp9s65Gq9P6bKA=,wolcaD7QxMsedY/vXHJFP5T6pio=
5,6,M/sJEGlLz/Zx2fp9s65Gq9P6bKA=,pRimtdl2AFJZPee8EVaaOxZjJBs=
6,6,M/sJEGlLz/Zx2fp9s65Gq9P6bKA=,LaGdm29ZYBxablMo3wXmK0LjdmE=
6,7,KCLxZhERa+dYZi90QXLIO6EVMdY=,LaGdm29ZYBxablMo3wXmK0LjdmE=
6,8,KCLxZhERa+dYZi90QXLIO6EVMdY=,KoygkMBlLn5nP4N5LuLN8xaFQOQ=
5,10,KCLxZhERa+dYZi90QXLIO6EVMdY=,gpcq3b/sVXdjplndRIfm9amoq/M=
5,8,7JoAx6+ri7Z8gl6u9A8WgQHInmI=,1Fetw5G6p2dXtirmdXRTy4y3/o0=
6,10,7JoAx6+ri7Z8gl6u9A8WgQHInmI=,A/lEepVdgCBrGhMUs5NO90Em5F8=
5,7,7JoAx6+ri7Z8gl6u9A8WgQHInmI=,pRimtdl2AFJZPee8EVaaOxZjJBs=
6,9,7JoAx6+ri7Z8gl6u9A8WgQHInmI=,KoygkMBlLn5nP4N5LuLN8xaFQOQ=
5,9,7JoAx6+ri7Z8gl6u9A8WgQHInmI=,1Fetw5G6p2dXtirmdXRTy4y3/o0=
5,12,7JoAx6+ri7Z8gl6u9A8WgQHInmI=,tmbnzd878x9SZAwDQcsDxEABtRE=
5,11,Lvna65EIb1ucyNX+LuTZdp/moZ4=,gpcq3b/sVXdjplndRIfm9amoq/M=
6,11,Lvna65EIb1ucyNX+LuTZdp/moZ4=,A/lEepVdgCBrGhMUs5NO90Em5F8=
6,12,Lvna65EIb1ucyNX+LuTZdp/moZ4=,uVPyS6wPCBzC0OtFc6b0fVIvEGQ=
6,13,cuMDTzvHb9Qd7Rx444ZFqIH58Hw=,uVPyS6wPCBzC0OtFc6b0fVIvEGQ=
5,13,cuMDTzvHb9Qd7Rx444ZFqIH58Hw=,tmbnzd878x9SZAwDQcsDxEABtRE=
6,14,cuMDTzvHb9Qd7Rx444ZFqIH58Hw=,ZaUKWDGTU0c6NF004OC3AEYsgu4=
5,14,cuMDTzvHb9Qd7Rx444ZFqIH58Hw=,rO/RMiDLcMwVmHEiXTW5KijqIdo=
7,10,ojyPzSbeZKZVAtu3UUc4uqs7kU8=,A/lEepVdgCBrGhMUs5NO90Em5F8=
8,10,ojyPzSbeZKZVAtu3UUc4uqs7kU8=,LPscZZh89afLKvNPwjJvbHE5Hng=
8,9,ojyPzSbeZKZVAtu3UUc4uqs7kU8=,UDeWbih53dTkgTge6yBoHuE/1rc=
7,9,ojyPzSbeZKZVAtu3UUc4uqs7kU8=,KoygkMBlLn5nP4N5LuLN8xaFQOQ=
8,11,ojyPzSbeZKZVAtu3UUc4uqs7kU8=,LPscZZh89afLKvNPwjJvbHE5Hng=
7,11,xk2YTc22N7nYy6GMP7JxOXZb1C8=,A/lEepVdgCBrGhMUs5NO90Em5F8=
8,12,xk2YTc22N7nYy6GMP7JxOXZb1C8=,cG7chljPxO2r5aAuMIoiHZIPtuA=
7,12,xk2YTc22N7nYy6GMP7JxOXZb1C8=,uVPyS6wPCBzC0OtFc6b0fVIvEGQ=
7,14,yYu4/OlCmllfVSngxVMr0fM/9l0=,ZaUKWDGTU0c6NF004OC3AEYsgu4=
7,13,yYu4/OlCmllfVSngxVMr0fM/9l0=,uVPyS6wPCBzC0OtFc6b0fVIvEGQ=
8,14,yYu4/OlCmllfVSngxVMr0fM/9l0=,a+XIBC7RIf3AOwuTL3HWahs4vWQ=
8,13,yYu4/OlCmllfVSngxVMr0fM/9l0=,cG7chljPxO2r5aAuMIoiHZIPtuA=
7,7,4FnoX2ilsc8ZP/bXIY2TtMlLpKs=,LaGdm29ZYBxablMo3wXmK0LjdmE=
7,8,4FnoX2ilsc8ZP/bXIY2TtMlLpKs=,KoygkMBlLn5nP4N5LuLN8xaFQOQ=
8,8,4FnoX2ilsc8ZP/bXIY2TtMlLpKs=,UDeWbih53dTkgTge6yBoHuE/1rc=
8,7,4FnoX2ilsc8ZP/bXIY2TtMlLpKs=,d+cBF0I8cOA1NZzJY65UoEE2FGs=
8,5,4FnoX2ilsc8ZP/bXIY2TtMlLpKs=,xZqm+nDSGWKg3TDSguFbt7y7omk=
7,5,4FnoX2ilsc8ZP/bXIY2TtMlLpKs=,wolcaD7QxMsedY/vXHJFP5T6pio=
8,6,deUP4xMIzRvgXdw96IQKRBrNWm0=,d+cBF0I8cOA1NZzJY65UoEE2FGs=
7,6,deUP4xMIzRvgXdw96IQKRBrNWm0=,LaGdm29ZYBxablMo3wXmK0LjdmE=
7,4,deUP4xMIzRvgXdw96IQKRBrNWm0=,wolcaD7QxMsedY/vXHJFP5T6pio=
8,4,deUP4xMIzRvgXdw96IQKRBrNWm0=,xZqm+nDSGWKg3TDSguFbt7y7omk=
7,3,deUP4xMIzRvgXdw96IQKRBrNWm0=,B6QHQs3xRckmWkIhB354rgg6tLQ=
8,3,deUP4xMIzRvgXdw96IQKRBrNWm0=,tHMx2poMRL/y1E1upEAQNo6yQnM=
8,2,V0QPecA1bz5Jn1Y/T7knh1rfoBc=,tHMx2poMRL/y1E1upEAQNo6yQnM=
7,2,V0QPecA1bz5Jn1Y/T7knh1rfoBc=,B6QHQs3xRckmWkIhB354rgg6tLQ=
7,1,V0QPecA1bz5Jn1Y/T7knh1rfoBc=,0SA0Wkvg1S2NuGUgimYffKFKsNE=
8,1,V0QPecA1bz5Jn1Y/T7knh1rfoBc=,ZdLQNI00so6ZwGc58W7a3+G3lHs=
10,5,F0/XXabqTJh2VDLmFx5YukvQp6E=,IsY48+thJKev+xbgr5cpYArXK8c=
10,6,F0/XXabqTJh2VDLmFx5YukvQp6E=,wHaAawxI3q6qf5xCJI+bADzkgAQ=
9,5,F0/XXabqTJh2VDLmFx5YukvQp6E=,xZqm+nDSGWKg3TDSguFbt7y7omk=
9,6,F0/XXabqTJh2VDLmFx5YukvQp6E=,d+cBF0I8cOA1NZzJY65UoEE2FGs=
10,4,0n/3XzJkCJW3Ww4tJs6SDRuCcuY=,IsY48+thJKev+xbgr5cpYArXK8c=
9,4,0n/3XzJkCJW3Ww4tJs6SDRuCcuY=,xZqm+nDSGWKg3TDSguFbt7y7omk=
10,3,0n/3XzJkCJW3Ww4tJs6SDRuCcuY=,tOx5EnrXeWCo5tHzrsHw0AZVME8=
9,3,0n/3XzJkCJW3Ww4tJs6SDRuCcuY=,tHMx2poMRL/y1E1upEAQNo6yQnM=
10,2,LlWl5jB7EYerPOIP6xPnOTr1/F4=,tOx5EnrXeWCo5tHzrsHw0AZVME8=
10,1,LlWl5jB7EYerPOIP6xPnOTr1/F4=,iz5fw/C2pBj046+eZl8gtYbvp8k=
9,2,LlWl5jB7EYerPOIP6xPnOTr1/F4=,tHMx2poMRL/y1E1upEAQNo6yQnM=
9,1,LlWl5jB7EYerPOIP6xPnOTr1/F4=,ZdLQNI00so6ZwGc58W7a3+G3lHs=
10,7,+umz0VUBMIRO2pB3Cw6/vnMlxvE=,wHaAawxI3q6qf5xCJI+bADzkgAQ=
9,8,+umz0VUBMIRO2pB3Cw6/vnMlxvE=,UDeWbih53dTkgTge6yBoHuE/1rc=
9,7,+umz0VUBMIRO2pB3Cw6/vnMlxvE=,d+cBF0I8cOA1NZzJY65UoEE2FGs=
10,8,+umz0VUBMIRO2pB3Cw6/vnMlxvE=,SsXTnuXtFWBquoN9mhk3QFsI+Wg=
10,9,ASZqwM3ueofbrhnoFjJ82qHLE1M=,SsXTnuXtFWBquoN9mhk3QFsI+Wg=
9,10,ASZqwM3ueofbrhnoFjJ82qHLE1M=,LPscZZh89afLKvNPwjJvbHE5Hng=
9,9,ASZqwM3ueofbrhnoFjJ82qHLE1M=,UDeWbih53dTkgTge6yBoHuE/1rc=
10,10,ASZqwM3ueofbrhnoFjJ82qHLE1M=,0HHfzLudrfY4h2gIkleZMmb7L8s=
10,12,ASZqwM3ueofbrhnoFjJ82qHLE1M=,ibHw3uoGU/a6rpBWdgg77vdripw=
9,12,ASZqwM3ueofbrhnoFjJ82qHLE1M=,cG7chljPxO2r5aAuMIoiHZIPtuA=
9,11,ASZqwM3ueofbrhnoFjJ82qHLE1M=,LPscZZh89afLKvNPwjJvbHE5Hng=
10,11,ASZqwM3ueofbrhnoFjJ82qHLE1M=,0HHfzLudrfY4h2gIkleZMmb7L8s=
10,13,gsBv9Kqm/h0f369gQJrcAzDt/tU=,ibHw3uoGU/a6rpBWdgg77vdripw=
9,13,gsBv9Kqm/h0f369gQJrcAzDt/tU=,cG7chljPxO2r5aAuMIoiHZIPtuA=
9,14,gsBv9Kqm/h0f369gQJrcAzDt/tU=,a+XIBC7RIf3AOwuTL3HWahs4vWQ=
10,14,gsBv9Kqm/h0f369gQJrcAzDt/tU=,OWho7jLIZncG9T8o7PL6pvavlxk=
11,9,Gtele4D9b7/yflyaobJkiZEZezI=,SsXTnuXtFWBquoN9mhk3QFsI+Wg=
12,9,Gtele4D9b7/yflyaobJkiZEZezI=,mutJ2Ye8VLKDmY1sOJYsSywy3SU=
12,10,Gtele4D9b7/yflyaobJkiZEZezI=,lpksbhJNOPFA1VA5jG61FvLZMKI=
11,10,Gtele4D9b7/yflyaobJkiZEZezI=,0HHfzLudrfY4h2gIkleZMmb7L8s=
12,11,wvpvEGB2PcmKh/PW533ZZLNFofU=,lpksbhJNOPFA1VA5jG61FvLZMKI=
11,11,wvpvEGB2PcmKh/PW533ZZLNFofU=,0HHfzLudrfY4h2gIkleZMmb7L8s=
12,12,wvpvEGB2PcmKh/PW533ZZLNFofU=,+8fM9GWNT3hhzH9NPKABm5oOhJ4=
11,12,wvpvEGB2PcmKh/PW533ZZLNFofU=,ibHw3uoGU/a6rpBWdgg77vdripw=
11,13,wvpvEGB2PcmKh/PW533ZZLNFofU=,ibHw3uoGU/a6rpBWdgg77vdripw=
12,13,wvpvEGB2PcmKh/PW533ZZLNFofU=,+8fM9GWNT3hhzH9NPKABm5oOhJ4=
11,14,wvpvEGB2PcmKh/PW533ZZLNFofU=,OWho7jLIZncG9T8o7PL6pvavlxk=
12,14,wvpvEGB2PcmKh/PW533ZZLNFofU=,oCKcGcXjm2JBkZ2HbSQN+YM3Ryg=
12,7,Xr5vX5Da+wTJiHLZpA+qCz8Hsyo=,iX/vbphxbtc1y2I5rjZ+Kgse3H8=
11,7,Xr5vX5Da+wTJiHLZpA+qCz8Hsyo=,wHaAawxI3q6qf5xCJI+bADzkgAQ=
11,8,Xr5vX5Da+wTJiHLZpA+qCz8Hsyo=,SsXTnuXtFWBquoN9mhk3QFsI+Wg=
12,8,Xr5vX5Da+wTJiHLZpA+qCz8Hsyo=,mutJ2Ye8VLKDmY1sOJYsSywy3SU=
11,6,oM2DLuqXTE21RorSijkSx78MYLs=,wHaAawxI3q6qf5xCJI+bADzkgAQ=
11,5,oM2DLuqXTE21RorSijkSx78MYLs=,IsY48+thJKev+xbgr5cpYArXK8c=
12,6,oM2DLuqXTE21RorSijkSx78MYLs=,iX/vbphxbtc1y2I5rjZ+Kgse3H8=
12,5,oM2DLuqXTE21RorSijkSx78MYLs=,XQSLRAAKKbyAkmpVORC+KJwfaDg=
11,4,oM2DLuqXTE21RorSijkSx78MYLs=,IsY48+thJKev+xbgr5cpYArXK8c=
12,4,FjLraZhmdryaaaGz+r/gJdxSHqw=,XQSLRAAKKbyAkmpVORC+KJwfaDg=
11,3,FjLraZhmdryaaaGz+r/gJdxSHqw=,tOx5EnrXeWCo5tHzrsHw0AZVME8=
12,3,FjLraZhmdryaaaGz+r/gJdxSHqw=,UERYSU3OTkY7ibWpgzkHpwPEx5c=
12,1,a+qSbq/WWXdlfGN2sKhUFje4QmI=,HwRTZfCyZYJis7rGW4KhObUuvWo=
11,2,a+qSbq/WWXdlfGN2sKhUFje4QmI=,tOx5EnrXeWCo5tHzrsHw0AZVME8=
12,2,a+qSbq/WWXdlfGN2sKhUFje4QmI=,UERYSU3OTkY7ibWpgzkHpwPEx5c=
11,1,a+qSbq/WWXdlfGN2sKhUFje4QmI=,iz5fw/C2pBj046+eZl8gtYbvp8k=
13,6,DQCU6142poZw4WOp9GI9hTpcue0=,iX/vbphxbtc1y2I5rjZ+Kgse3H8=
14,5,DQCU6142poZw4WOp9GI9hTpcue0=,viUAPcx/JF6fI79I7ytDLCvio38=
13,5,DQCU6142poZw4WOp9GI9hTpcue0=,XQSLRAAKKbyAkmpVORC+KJwfaDg=
14,6,DQCU6142poZw4WOp9GI9hTpcue0=,SrVabuIR0LDcqm2q1xp+2G250UE=
13,4,DQCU6142poZw4WOp9GI9hTpcue0=,XQSLRAAKKbyAkmpVORC+KJwfaDg=
13,3,DQCU6142poZw4WOp9GI9hTpcue0=,UERYSU3OTkY7ibWpgzkHpwPEx5c=
14,3,DQCU6142poZw4WOp9GI9hTpcue0=,4yeSRp1KAY3mWPNSAV9wUU+exQE=
14,4,DQCU6142poZw4WOp9GI9hTpcue0=,viUAPcx/JF6fI79I7ytDLCvio38=
14,2,ewNd68wJqocV7V96eneAoBr5yB8=,4yeSRp1KAY3mWPNSAV9wUU+exQE=
13,1,ewNd68wJqocV7V96eneAoBr5yB8=,HwRTZfCyZYJis7rGW4KhObUuvWo=
13,2,ewNd68wJqocV7V96eneAoBr5yB8=,UERYSU3OTkY7ibWpgzkHpwPEx5c=
14,1,ewNd68wJqocV7V96eneAoBr5yB8=,ISEs82HsOPcdAIbMFBBuFkhwWDc=
13,7,ewNd68wJqocV7V96eneAoBr5yB8=,iX/vbphxbtc1y2I5rjZ+Kgse3H8=
13,8,ewNd68wJqocV7V96eneAoBr5yB8=,mutJ2Ye8VLKDmY1sOJYsSywy3SU=
14,7,ewNd68wJqocV7V96eneAoBr5yB8=,SrVabuIR0LDcqm2q1xp+2G250UE=
14,8,ewNd68wJqocV7V96eneAoBr5yB8=,rt7inI5cje/mAFHU1aJWuRT7d5w=
13,9,ewNd68wJqocV7V96eneAoBr5yB8=,mutJ2Ye8VLKDmY1sOJYsSywy3SU=
14,9,bJNR87Rcu1YAOS9e8Tt1/t4KNKA=,rt7inI5cje/mAFHU1aJWuRT7d5w=
14,10,bJNR87Rcu1YAOS9e8Tt1/t4KNKA=,vYON12ylnwJ+/c2hfIa1xskuacU=
13,10,bJNR87Rcu1YAOS9e8Tt1/t4KNKA=,lpksbhJNOPFA1VA5jG61FvLZMKI=
14,11,/+htCsXXEXqGIpxcC+usU1xi2Jc=,vYON12ylnwJ+/c2hfIa1xskuacU=
13,12,/+htCsXXEXqGIpxcC+usU1xi2Jc=,+8fM9GWNT3hhzH9NPKABm5oOhJ4=
14,12,/+htCsXXEXqGIpxcC+usU1xi2Jc=,cCKYxSK3Y1JCZDVvXEMTnZURxXM=
13,11,/+htCsXXEXqGIpxcC+usU1xi2Jc=,lpksbhJNOPFA1VA5jG61FvLZMKI=
15,11,/+htCsXXEXqGIpxcC+usU1xi2Jc=,vYON12ylnwJ+/c2hfIa1xskuacU=
15,12,/+htCsXXEXqGIpxcC+usU1xi2Jc=,cCKYxSK3Y1JCZDVvXEMTnZURxXM=
13,14,HLco2ZWGj2OItbwgGpBfQmcQHHg=,oCKcGcXjm2JBkZ2HbSQN+YM3Ryg=
14,13,HLco2ZWGj2OItbwgGpBfQmcQHHg=,cCKYxSK3Y1JCZDVvXEMTnZURxXM=
14,14,HLco2ZWGj2OItbwgGpBfQmcQHHg=,FUNwl4bb/Q4wQVafbKXciw7SSiI=
13,13,HLco2ZWGj2OItbwgGpBfQmcQHHg=,+8fM9GWNT3hhzH9NPKABm5oOhJ4=
15,14,HLco2ZWGj2OItbwgGpBfQmcQHHg=,FUNwl4bb/Q4wQVafbKXciw7SSiI=
15,13,HLco2ZWGj2OItbwgGpBfQmcQHHg=,cCKYxSK3Y1JCZDVvXEMTnZURxXM=
13,15,HLco2ZWGj2OItbwgGpBfQmcQHHg=,oCKcGcXjm2JBkZ2HbSQN+YM3Ryg=
14,15,HLco2ZWGj2OItbwgGpBfQmcQHHg=,FUNwl4bb/Q4wQVafbKXciw7SSiI=
12,15,A8BUFLWR/MeeD/BkGwFkn6r0eio=,oCKcGcXjm2JBkZ2HbSQN+YM3Ryg=
11,15,A8BUFLWR/MeeD/BkGwFkn6r0eio=,OWho7jLIZncG9T8o7PL6pvavlxk=
9,15,A8BUFLWR/MeeD/BkGwFkn6r0eio=,a+XIBC7RIf3AOwuTL3HWahs4vWQ=
10,15,A8BUFLWR/MeeD/BkGwFkn6r0eio=,OWho7jLIZncG9T8o7PL6pvavlxk=
8,15,A8BUFLWR/MeeD/BkGwFkn6r0eio=,a+XIBC7RIf3AOwuTL3HWahs4vWQ=
7,15,A8BUFLWR/MeeD/BkGwFkn6r0eio=,ZaUKWDGTU0c6NF004OC3AEYsgu4=
5,15,MaqSvV1Uzny3AQvRp9Dg7aWPORw=,rO/RMiDLcMwVmHEiXTW5KijqIdo=
6,15,MaqSvV1Uzny3AQvRp9Dg7aWPORw=,ZaUKWDGTU0c6NF004OC3AEYsgu4=
3,15,MaqSvV1Uzny3AQvRp9Dg7aWPORw=,gKnKEtlLklvDBWD2o5d9cS/dBsc=
4,15,MaqSvV1Uzny3AQvRp9Dg7aWPORw=,rO/RMiDLcMwVmHEiXTW5KijqIdo=
2,15,fbLfmKSr75+3/yJCAOdyPKYvIgE=,gKnKEtlLklvDBWD2o5d9cS/dBsc=
1,15,fbLfmKSr75+3/yJCAOdyPKYvIgE=,TYuifvZ9XHr7REEKY5xg9l+Lf7I=
0,13,fbLfmKSr75+3/yJCAOdyPKYvIgE=,QM5W/N6TmFp2NgYLGV80lJeMrPo=
0,14,fbLfmKSr75+3/yJCAOdyPKYvIgE=,TYuifvZ9XHr7REEKY5xg9l+Lf7I=
0,12,fbLfmKSr75+3/yJCAOdyPKYvIgE=,QM5W/N6TmFp2NgYLGV80lJeMrPo=
0,11,fbLfmKSr75+3/yJCAOdyPKYvIgE=,85HqjCxuZ/MQ5/ZY/1gSC1ryaRk=
0,10,jat/0c8o2MnDLaNWWEr7daGkEzc=,85HqjCxuZ/MQ5/ZY/1gSC1ryaRk=
0,8,jat/0c8o2MnDLaNWWEr7daGkEzc=,YMZhoV1h6wP7snGsH/prNxisadg=
0,9,jat/0c8o2MnDLaNWWEr7daGkEzc=,YMZhoV1h6wP7snGsH/prNxisadg=
0,7,jat/0c8o2MnDLaNWWEr7daGkEzc=,/m1tvmOUqkIbyOgz2MmOlunnDyA=
0,5,0/TG2tPlgwe5CyVjQcMmcfcFXdE=,kw03f5bruQ8Q/Mf2gVXcI46JIOA=
0,6,0/TG2tPlgwe5CyVjQcMmcfcFXdE=,/m1tvmOUqkIbyOgz2MmOlunnDyA=
0,3,0/TG2tPlgwe5CyVjQcMmcfcFXdE=,laMo8WZAfN9a46ROumZsgENWi4k=
0,4,0/TG2tPlgwe5CyVjQcMmcfcFXdE=,kw03f5bruQ8Q/Mf2gVXcI46JIOA=
0,2,0/TG2tPlgwe5CyVjQcMmcfcFXdE=,laMo8WZAfN9a46ROumZsgENWi4k=
0,0,CY3GmuNfKRFR1GFVhonQz3lXrOE=,8pedsT09owvkJylT+WiI8VjVh1g=
0,1,CY3GmuNfKRFR1GFVhonQz3lXrOE=,8pedsT09owvkJylT+WiI8VjVh1g=
2,0,CY3GmuNfKRFR1GFVhonQz3lXrOE=,cbFun73EE08vpO3KZWgFKA7CkdM=
1,0,CY3GmuNfKRFR1GFVhonQz3lXrOE=,8pedsT09owvkJylT+WiI8VjVh1g=
4,0,CY3GmuNfKRFR1GFVhonQz3lXrOE=,lxu3Y+IbpV8JDq2NubIrLJoZ9ss=
6,0,CY3GmuNfKRFR1GFVhonQz3lXrOE=,0SA0Wkvg1S2NuGUgimYffKFKsNE=
5,0,CY3GmuNfKRFR1GFVhonQz3lXrOE=,lxu3Y+IbpV8JDq2NubIrLJoZ9ss=
3,0,CY3GmuNfKRFR1GFVhonQz3lXrOE=,cbFun73EE08vpO3KZWgFKA7CkdM=
7,0,q2h83liOoFtZE0E6hpIzBTvMLWQ=,0SA0Wkvg1S2NuGUgimYffKFKsNE=
8,0,q2h83liOoFtZE0E6hpIzBTvMLWQ=,ZdLQNI00so6ZwGc58W7a3+G3lHs=
9,0,q2h83liOoFtZE0E6hpIzBTvMLWQ=,ZdLQNI00so6ZwGc58W7a3+G3lHs=
10,0,q2h83liOoFtZE0E6hpIzBTvMLWQ=,iz5fw/C2pBj046+eZl8gtYbvp8k=
12,0,EwIZjNZsFIiDEXaoyuUmsisBaso=,HwRTZfCyZYJis7rGW4KhObUuvWo=
14,0,EwIZjNZsFIiDEXaoyuUmsisBaso=,ISEs82HsOPcdAIbMFBBuFkhwWDc=
11,0,EwIZjNZsFIiDEXaoyuUmsisBaso=,iz5fw/C2pBj046+eZl8gtYbvp8k=
13,0,EwIZjNZsFIiDEXaoyuUmsisBaso=,HwRTZfCyZYJis7rGW4KhObUuvWo=
15,2,EwIZjNZsFIiDEXaoyuUmsisBaso=,4yeSRp1KAY3mWPNSAV9wUU+exQE=
15,1,EwIZjNZsFIiDEXaoyuUmsisBaso=,ISEs82HsOPcdAIbMFBBuFkhwWDc=
15,3,rIJYTcx9SzM9VMRxZDR5pc78sBE=,4yeSRp1KAY3mWPNSAV9wUU+exQE=
15,4,rIJYTcx9SzM9VMRxZDR5pc78sBE=,viUAPcx/JF6fI79I7ytDLCvio38=
0,15,rIJYTcx9SzM9VMRxZDR5pc78sBE=,TYuifvZ9XHr7REEKY5xg9l+Lf7I=
15,5,rIJYTcx9SzM9VMRxZDR5pc78sBE=,viUAPcx/JF6fI79I7ytDLCvio38=
15,6,rIJYTcx9SzM9VMRxZDR5pc78sBE=,SrVabuIR0LDcqm2q1xp+2G250UE=
15,9,rIJYTcx9SzM9VMRxZDR5pc78sBE=,rt7inI5cje/mAFHU1aJWuRT7d5w=
15,10,rIJYTcx9SzM9VMRxZDR5pc78sBE=,vYON12ylnwJ+/c2hfIa1xskuacU=
15,7,rIJYTcx9SzM9VMRxZDR5pc78sBE=,SrVabuIR0LDcqm2q1xp+2G250UE=
15,8,rIJYTcx9SzM9VMRxZDR5pc78sBE=,rt7inI5cje/mAFHU1aJWuRT7d5w=
15,0,rIJYTcx9SzM9VMRxZDR5pc78sBE=,ISEs82HsOPcdAIbMFBBuFkhwWDc=
15,15,rIJYTcx9SzM9VMRxZDR5pc78sBE=,FUNwl4bb/Q4wQVafbKXciw7SSiI=
8,20,qSJb+Zd2bNU1tk2KxyM/76kzszQ=,dsxa2BNP7DIAFAVQve4RRWHlntA=
7,20,qSJb+Zd2bNU1tk2KxyM/76kzszQ=,x/EATA1me7c6nF6kVNOcIwIx7DY=
8,19,qSJb+Zd2bNU1tk2KxyM/76kzszQ=,FKIsQy+TJWbm8+ot4MKnmw5eeVA=
7,19,qSJb+Zd2bNU1tk2KxyM/76kzszQ=,eWfjXJSfv8Ur8BiBjMAEsimIOQc=
8,18,qSJb+Zd2bNU1tk2KxyM/76kzszQ=,FKIsQy+TJWbm8+ot4MKnmw5eeVA=
7,18,qSJb+Zd2bNU1tk2KxyM/76kzszQ=,eWfjXJSfv8Ur8BiBjMAEsimIOQc=
8,17,qSJb+Zd2bNU1tk2KxyM/76kzszQ=,uNxxcqRYl7oTib/3kHQdLLuHVAg=
7,17,qSJb+Zd2bNU1tk2KxyM/76kzszQ=,nO80O6ObHVB3l2Q5kzVhJ8SjWBk=
10,20,FXk0wGCnaR0dQ071wPmlFIaxG7c=,Ry64Zmp4KP7B6EA7XGrO4A4r8/M=
9,20,FXk0wGCnaR0dQ071wPmlFIaxG7c=,dsxa2BNP7DIAFAVQve4RRWHlntA=
9,19,FXk0wGCnaR0dQ071wPmlFIaxG7c=,FKIsQy+TJWbm8+ot4MKnmw5eeVA=
10,19,FXk0wGCnaR0dQ071wPmlFIaxG7c=,sPUz1lysg37nIIL4u0ks1JABacs=
9,17,6TzePqov41eL/n0Pb4MtRXarbaM=,uNxxcqRYl7oTib/3kHQdLLuHVAg=
9,18,6TzePqov41eL/n0Pb4MtRXarbaM=,FKIsQy+TJWbm8+ot4MKnmw5eeVA=
10,18,6TzePqov41eL/n0Pb4MtRXarbaM=,sPUz1lysg37nIIL4u0ks1JABacs=
10,17,6TzePqov41eL/n0Pb4MtRXarbaM=,pJOHEtAOwFD4PGIA5db+/FE5Uu4=
11,20,6TzePqov41eL/n0Pb4MtRXarbaM=,Ry64Zmp4KP7B6EA7XGrO4A4r8/M=
12,20,6TzePqov41eL/n0Pb4MtRXarbaM=,iyPYcxZBu88BJMtiDSHpv3E8juM=
11,19,6TzePqov41eL/n0Pb4MtRXarbaM=,sPUz1lysg37nIIL4u0ks1JABacs=
12,19,6TzePqov41eL/n0Pb4MtRXarbaM=,cmXzG5sRt0QWKCGYCKO931FhdYo=
12,18,PFGNwHDr2f6xkx01ZnukUnnQnhU=,cmXzG5sRt0QWKCGYCKO931FhdYo=
11,18,PFGNwHDr2f6xkx01ZnukUnnQnhU=,sPUz1lysg37nIIL4u0ks1JABacs=
12,17,PFGNwHDr2f6xkx01ZnukUnnQnhU=,AMU5LEyvU2YoiJ401or7qTiix2o=
11,17,PFGNwHDr2f6xkx01ZnukUnnQnhU=,pJOHEtAOwFD4PGIA5db+/FE5Uu4=
14,20,QSdnNj0Ppqd4201gDSRL7fdc8EY=,QVhPY34LO6DbWdoQ3EIxd3v+KIs=
13,20,QSdnNj0Ppqd4201gDSRL7fdc8EY=,iyPYcxZBu88BJMtiDSHpv3E8juM=
13,19,QSdnNj0Ppqd4201gDSRL7fdc8EY=,cmXzG5sRt0QWKCGYCKO931FhdYo=
15,20,QSdnNj0Ppqd4201gDSRL7fdc8EY=,QVhPY34LO6DbWdoQ3EIxd3v+KIs=
14,19,QSdnNj0Ppqd4201gDSRL7fdc8EY=,TvmVtv8w053E4FjnLwsFAfXDF/U=
15,19,QSdnNj0Ppqd4201gDSRL7fdc8EY=,TvmVtv8w053E4FjnLwsFAfXDF/U=
7,21,uVQgDRmuSm6HvAl61wArGxZPOI8=,x/EATA1me7c6nF6kVNOcIwIx7DY=
8,21,uVQgDRmuSm6HvAl61wArGxZPOI8=,dsxa2BNP7DIAFAVQve4RRWHlntA=
9,21,uVQgDRmuSm6HvAl61wArGxZPOI8=,dsxa2BNP7DIAFAVQve4RRWHlntA=
10,21,uVQgDRmuSm6HvAl61wArGxZPOI8=,Ry64Zmp4KP7B6EA7XGrO4A4r8/M=
13,17,uVQgDRmuSm6HvAl61wArGxZPOI8=,AMU5LEyvU2YoiJ401or7qTiix2o=
13,16,uVQgDRmuSm6HvAl61wArGxZPOI8=,AMU5LEyvU2YoiJ401or7qTiix2o=
14,17,uVQgDRmuSm6HvAl61wArGxZPOI8=,+z//jNCdh9XYV/loRk7/H1NFObM=
13,18,uVQgDRmuSm6HvAl61wArGxZPOI8=,cmXzG5sRt0QWKCGYCKO931FhdYo=
14,16,uVQgDRmuSm6HvAl61wArGxZPOI8=,+z//jNCdh9XYV/loRk7/H1NFObM=
14,18,uVQgDRmuSm6HvAl61wArGxZPOI8=,TvmVtv8w053E4FjnLwsFAfXDF/U=
15,18,uVQgDRmuSm6HvAl61wArGxZPOI8=,TvmVtv8w053E4FjnLwsFAfXDF/U=
15,16,GO+FQ3Ku/k0RUAL8Ss09H77/6VM=,+z//jNCdh9XYV/loRk7/H1NFObM=
15,17,GO+FQ3Ku/k0RUAL8Ss09H77/6VM=,+z//jNCdh9XYV/loRk7/H1NFObM=
10,16,GO+FQ3Ku/k0RUAL8Ss09H77/6VM=,pJOHEtAOwFD4PGIA5db+/FE5Uu4=
12,16,GO+FQ3Ku/k0RUAL8Ss09H77/6VM=,AMU5LEyvU2YoiJ401or7qTiix2o=
7,16,GO+FQ3Ku/k0RUAL8Ss09H77/6VM=,nO80O6ObHVB3l2Q5kzVhJ8SjWBk=
9,16,RUalv5d1TRpMkdAburPNsJTmVHo=,uNxxcqRYl7oTib/3kHQdLLuHVAg=
8,16,RUalv5d1TRpMkdAburPNsJTmVHo=,uNxxcqRYl7oTib/3kHQdLLuHVAg=
11,16,RUalv5d1TRpMkdAburPNsJTmVHo=,pJOHEtAOwFD4PGIA5db+/FE5Uu4=
6,17,y1eVVUkWUDF6LN98SOt55kPmsW8=,nO80O6ObHVB3l2Q5kzVhJ8SjWBk=
6,18,y1eVVUkWUDF6LN98SOt55kPmsW8=,eWfjXJSfv8Ur8BiBjMAEsimIOQc=
5,18,y1eVVUkWUDF6LN98SOt55kPmsW8=,HSkBGtoHWFoDNortzrh/KlJQQkY=
5,16,y1eVVUkWUDF6LN98SOt55kPmsW8=,7Vgzh/JeCLLXcob4llDMUU4X1XY=
6,16,y1eVVUkWUDF6LN98SOt55kPmsW8=,nO80O6ObHVB3l2Q5kzVhJ8SjWBk=
5,17,y1eVVUkWUDF6LN98SOt55kPmsW8=,7Vgzh/JeCLLXcob4llDMUU4X1XY=
3,18,N8yp4tCeAzxMGslGF0F6PmBAmEs=,UzDZy6r+u5dsb5BFCO1sBc/wuYk=
3,17,N8yp4tCeAzxMGslGF0F6PmBAmEs=,QyBcbf1cWBrYoQr1e55aT5Vshw4=
4,18,N8yp4tCeAzxMGslGF0F6PmBAmEs=,HSkBGtoHWFoDNortzrh/KlJQQkY=
4,20,N8yp4tCeAzxMGslGF0F6PmBAmEs=,Zk92fimcSMUCM6GgyBk+nR8stEY=
5,20,N8yp4tCeAzxMGslGF0F6PmBAmEs=,Zk92fimcSMUCM6GgyBk+nR8stEY=
3,20,N8yp4tCeAzxMGslGF0F6PmBAmEs=,Ndbvze1IwHeZt2ZREzEkyYFs+eI=
4,17,N8yp4tCeAzxMGslGF0F6PmBAmEs=,7Vgzh/JeCLLXcob4llDMUU4X1XY=
6,20,N8yp4tCeAzxMGslGF0F6PmBAmEs=,x/EATA1me7c6nF6kVNOcIwIx7DY=
5,21,N8yp4tCeAzxMGslGF0F6PmBAmEs=,Zk92fimcSMUCM6GgyBk+nR8stEY=
6,21,N8yp4tCeAzxMGslGF0F6PmBAmEs=,x/EATA1me7c6nF6kVNOcIwIx7DY=
6,19,N8yp4tCeAzxMGslGF0F6PmBAmEs=,eWfjXJSfv8Ur8BiBjMAEsimIOQc=
5,19,N8yp4tCeAzxMGslGF0F6PmBAmEs=,HSkBGtoHWFoDNortzrh/KlJQQkY=
4,19,N8yp4tCeAzxMGslGF0F6PmBAmEs=,HSkBGtoHWFoDNortzrh/KlJQQkY=
3,19,N8yp4tCeAzxMGslGF0F6PmBAmEs=,UzDZy6r+u5dsb5BFCO1sBc/wuYk=
2,20,Na4q1PLCXhsthYRBHXBa4rBAn24=,Ndbvze1IwHeZt2ZREzEkyYFs+eI=
1,20,DVRLN4j1Z4MEpSn84ZwgA6EcDX0=,PEtzM9gtAZwUI0LazDlnNDWvhIk=
0,20,DVRLN4j1Z4MEpSn84ZwgA6EcDX0=,PEtzM9gtAZwUI0LazDlnNDWvhIk=
14,21,DVRLN4j1Z4MEpSn84ZwgA6EcDX0=,QVhPY34LO6DbWdoQ3EIxd3v+KIs=
13,21,DVRLN4j1Z4MEpSn84ZwgA6EcDX0=,iyPYcxZBu88BJMtiDSHpv3E8juM=
11,21,DVRLN4j1Z4MEpSn84ZwgA6EcDX0=,Ry64Zmp4KP7B6EA7XGrO4A4r8/M=
12,21,DVRLN4j1Z4MEpSn84ZwgA6EcDX0=,iyPYcxZBu88BJMtiDSHpv3E8juM=
15,21,DVRLN4j1Z4MEpSn84ZwgA6EcDX0=,QVhPY34LO6DbWdoQ3EIxd3v+KIs=
4,21,DVRLN4j1Z4MEpSn84ZwgA6EcDX0=,Zk92fimcSMUCM6GgyBk+nR8stEY=
2,21,DVRLN4j1Z4MEpSn84ZwgA6EcDX0=,Ndbvze1IwHeZt2ZREzEkyYFs+eI=
3,21,DVRLN4j1Z4MEpSn84ZwgA6EcDX0=,Ndbvze1IwHeZt2ZREzEkyYFs+eI=
1,21,DVRLN4j1Z4MEpSn84ZwgA6EcDX0=,PEtzM9gtAZwUI0LazDlnNDWvhIk=
0,21,DVRLN4j1Z4MEpSn84ZwgA6EcDX0=,PEtzM9gtAZwUI0LazDlnNDWvhIk=
1,19,DVRLN4j1Z4MEpSn84ZwgA6EcDX0=,3balI9SwR3JVy9idAhCXQ03WzaE=
0,19,DVRLN4j1Z4MEpSn84ZwgA6EcDX0=,3balI9SwR3JVy9idAhCXQ03WzaE=
2,17,DVRLN4j1Z4MEpSn84ZwgA6EcDX0=,QyBcbf1cWBrYoQr1e55aT5Vshw4=
1,17,DVRLN4j1Z4MEpSn84ZwgA6EcDX0=,LjzE1A7qbddmmAfVA4UOIqLYh08=
2,19,DVRLN4j1Z4MEpSn84ZwgA6EcDX0=,UzDZy6r+u5dsb5BFCO1sBc/wuYk=
1,18,AiEmIYCsJPmDD8pqpjszhlI4IWA=,3balI9SwR3JVy9idAhCXQ03WzaE=
2,18,AiEmIYCsJPmDD8pqpjszhlI4IWA=,UzDZy6r+u5dsb5BFCO1sBc/wuYk=
4,16,AiEmIYCsJPmDD8pqpjszhlI4IWA=,7Vgzh/JeCLLXcob4llDMUU4X1XY=
0,16,AiEmIYCsJPmDD8pqpjszhlI4IWA=,LjzE1A7qbddmmAfVA4UOIqLYh08=
1,16,AiEmIYCsJPmDD8pqpjszhlI4IWA=,LjzE1A7qbddmmAfVA4UOIqLYh08=
3,16,AiEmIYCsJPmDD8pqpjszhlI4IWA=,QyBcbf1cWBrYoQr1e55aT5Vshw4=
2,16,AiEmIYCsJPmDD8pqpjszhlI4IWA=,QyBcbf1cWBrYoQr1e55aT5Vshw4=
0,18,AiEmIYCsJPmDD8pqpjszhlI4IWA=,3balI9SwR3JVy9idAhCXQ03WzaE=
0,17,AiEmIYCsJPmDD8pqpjszhlI4IWA=,LjzE1A7qbddmmAfVA4UOIqLYh08=
20,20,7E6jYITiDwki/mGzUu/yvBLcwy0=,h9Nbdk3D608cMExmwO9IaiXbtAg=
20,19,7E6jYITiDwki/mGzUu/yvBLcwy0=,nk9Sae+3B7NArN6/fJgXIdfF9Mw=
19,20,7E6jYITiDwki/mGzUu/yvBLcwy0=,ndhr0k029/N/AIlRlpQqRZfWk1M=
20,18,7E6jYITiDwki/mGzUu/yvBLcwy0=,nk9Sae+3B7NArN6/fJgXIdfF9Mw=
19,17,7E6jYITiDwki/mGzUu/yvBLcwy0=,RMSSl5EUkriFeRad0WYD5JhQuSo=
20,17,7E6jYITiDwki/mGzUu/yvBLcwy0=,s9P/QomathzSchacS/U0fGmh7gc=
18,17,7E6jYITiDwki/mGzUu/yvBLcwy0=,RMSSl5EUkriFeRad0WYD5JhQuSo=
17,18,7E6jYITiDwki/mGzUu/yvBLcwy0=,idigzod83VchHaKy0Hksp9DCtXs=
19,19,7E6jYITiDwki/mGzUu/yvBLcwy0=,yi2vLBbtAOw7dRyhQ6jgTFCFo8c=
19,18,7E6jYITiDwki/mGzUu/yvBLcwy0=,yi2vLBbtAOw7dRyhQ6jgTFCFo8c=
18,18,7E6jYITiDwki/mGzUu/yvBLcwy0=,yi2vLBbtAOw7dRyhQ6jgTFCFo8c=
17,17,7E6jYITiDwki/mGzUu/yvBLcwy0=,C/GkoV21GIgBvQc1Bu71Lg7aKX8=
20,16,lekvozZ4BRo/SOt3GjOEws9VRA4=,s9P/QomathzSchacS/U0fGmh7gc=
19,16,jNdV8PYYHR6pJpM49IZBRgR3g5s=,RMSSl5EUkriFeRad0WYD5JhQuSo=
20,21,jNdV8PYYHR6pJpM49IZBRgR3g5s=,h9Nbdk3D608cMExmwO9IaiXbtAg=
19,21,jNdV8PYYHR6pJpM49IZBRgR3g5s=,ndhr0k029/N/AIlRlpQqRZfWk1M=
21,17,jNdV8PYYHR6pJpM49IZBRgR3g5s=,s9P/QomathzSchacS/U0fGmh7gc=
21,16,jNdV8PYYHR6pJpM49IZBRgR3g5s=,s9P/QomathzSchacS/U0fGmh7gc=
21,18,jNdV8PYYHR6pJpM49IZBRgR3g5s=,nk9Sae+3B7NArN6/fJgXIdfF9Mw=
21,19,jNdV8PYYHR6pJpM49IZBRgR3g5s=,nk9Sae+3B7NArN6/fJgXIdfF9Mw=
21,20,jNdV8PYYHR6pJpM49IZBRgR3g5s=,h9Nbdk3D608cMExmwO9IaiXbtAg=
18,20,jNdV8PYYHR6pJpM49IZBRgR3g5s=,ndhr0k029/N/AIlRlpQqRZfWk1M=
17,21,jNdV8PYYHR6pJpM49IZBRgR3g5s=,hxHLrprQ4nlzcnI1BrssDW33r7Y=
17,20,jNdV8PYYHR6pJpM49IZBRgR3g5s=,hxHLrprQ4nlzcnI1BrssDW33r7Y=
18,21,lBNNT7kEOzxWJOBGk6W4xNrdjw0=,ndhr0k029/N/AIlRlpQqRZfWk1M=
21,21,lBNNT7kEOzxWJOBGk6W4xNrdjw0=,h9Nbdk3D608cMExmwO9IaiXbtAg=
17,19,lBNNT7kEOzxWJOBGk6W4xNrdjw0=,idigzod83VchHaKy0Hksp9DCtXs=
18,16,lBNNT7kEOzxWJOBGk6W4xNrdjw0=,RMSSl5EUkriFeRad0WYD5JhQuSo=
18,19,lBNNT7kEOzxWJOBGk6W4xNrdjw0=,yi2vLBbtAOw7dRyhQ6jgTFCFo8c=
17,16,lBNNT7kEOzxWJOBGk6W4xNrdjw0=,C/GkoV21GIgBvQc1Bu71Lg7aKX8=
16,21,lBNNT7kEOzxWJOBGk6W4xNrdjw0=,hxHLrprQ4nlzcnI1BrssDW33r7Y=
16,20,lBNNT7kEOzxWJOBGk6W4xNrdjw0=,hxHLrprQ4nlzcnI1BrssDW33r7Y=
16,19,lBNNT7kEOzxWJOBGk6W4xNrdjw0=,idigzod83VchHaKy0Hksp9DCtXs=
16,17,lBNNT7kEOzxWJOBGk6W4xNrdjw0=,C/GkoV21GIgBvQc1Bu71Lg7aKX8=
16,18,lBNNT7kEOzxWJOBGk6W4xNrdjw0=,idigzod83VchHaKy0Hksp9DCtXs=
16,16,lBNNT7kEOzxWJOBGk6W4xNrdjw0=,C/GkoV21GIgBvQc1Bu71Lg7aKX8=
18,2,0CZ+TNq5Aw/VQkje1S3ke6PWjjY=,Fegi0jq1rbqHeaFEzdyoGePebWs=
17,2,0CZ+TNq5Aw/VQkje1S3ke6PWjjY=,/ngTQPThpgecitPxNIdpKhDx8vc=
18,1,0CZ+TNq5Aw/VQkje1S3ke6PWjjY=,euaQT3TupBFdUDNYxXhRpC8RyGM=
17,1,0CZ+TNq5Aw/VQkje1S3ke6PWjjY=,kxqmEnks2GA7MDmeZJ3U7EJQn50=
20,1,0CZ+TNq5Aw/VQkje1S3ke6PWjjY=,xXSBIIjPT8gB1YjwxcrK2kuUjj0=
20,2,0CZ+TNq5Aw/VQkje1S3ke6PWjjY=,Ylp+VforPF9wh5ARPgx/m2Zo9vI=
19,2,29X6Ipmx1mbbt2FwEYcFr3wfqCo=,Fegi0jq1rbqHeaFEzdyoGePebWs=
19,1,29X6Ipmx1mbbt2FwEYcFr3wfqCo=,euaQT3TupBFdUDNYxXhRpC8RyGM=
20,4,edsooJjWOYcF0ShSETz0hupVSQQ=,jNaNcfYnn76+06ZmQzVRa9lM6nc=
20,3,edsooJjWOYcF0ShSETz0hupVSQQ=,Ylp+VforPF9wh5ARPgx/m2Zo9vI=
19,4,O46II9QheS5a6u9KmQ8WeyOi2CU=,WOwMryZfPYrvc06Xk2V49jbv/F0=
17,4,O46II9QheS5a6u9KmQ8WeyOi2CU=,9VpNs1RlEzcHDwQJhSBPG2FNyXM=
18,4,O46II9QheS5a6u9KmQ8WeyOi2CU=,WOwMryZfPYrvc06Xk2V49jbv/F0=
19,3,O46II9QheS5a6u9KmQ8WeyOi2CU=,Fegi0jq1rbqHeaFEzdyoGePebWs=
18,3,O46II9QheS5a6u9KmQ8WeyOi2CU=,Fegi0jq1rbqHeaFEzdyoGePebWs=
17,3,O46II9QheS5a6u9KmQ8WeyOi2CU=,/ngTQPThpgecitPxNIdpKhDx8vc=
18,5,yI4k9JRBgnHw/uTiuREn8ZKevdo=,WOwMryZfPYrvc06Xk2V49jbv/F0=
17,5,yI4k9JRBgnHw/uTiuREn8ZKevdo=,9VpNs1RlEzcHDwQJhSBPG2FNyXM=
17,6,yI4k9JRBgnHw/uTiuREn8ZKevdo=,4HC1WskYqg3S7CzrBzZIVrSO1ME=
18,6,yI4k9JRBgnHw/uTiuREn8ZKevdo=,quIEi4/U/g5CeI5wc1arEJ9FOYA=
18,7,wCkwg3Kvn6HE2oKH7wm8+ZiiuSU=,quIEi4/U/g5CeI5wc1arEJ9FOYA=
17,7,wCkwg3Kvn6HE2oKH7wm8+ZiiuSU=,4HC1WskYqg3S7CzrBzZIVrSO1ME=
18,8,wCkwg3Kvn6HE2oKH7wm8+ZiiuSU=,NaSLhNCL9PlIbXnO3eQeEMu7Y2g=
17,8,wCkwg3Kvn6HE2oKH7wm8+ZiiuSU=,/stnIFV+Pe/MeM030RrQPWTPEfw=
17,9,+cqlc319klyLEXmQT/97DtV/bKM=,/stnIFV+Pe/MeM030RrQPWTPEfw=
18,9,+cqlc319klyLEXmQT/97DtV/bKM=,NaSLhNCL9PlIbXnO3eQeEMu7Y2g=
18,10,+cqlc319klyLEXmQT/97DtV/bKM=,DsImFlwAbxDaeWRLrj9eN04aDEo=
17,10,+cqlc319klyLEXmQT/97DtV/bKM=,YElbJy30+jHpG/1+CDdq+OO5cNc=
18,11,mFiKbXZSjN8+VLd6DTMRRi6GcZ4=,DsImFlwAbxDaeWRLrj9eN04aDEo=
17,11,mFiKbXZSjN8+VLd6DTMRRi6GcZ4=,YElbJy30+jHpG/1+CDdq+OO5cNc=
18,12,mFiKbXZSjN8+VLd6DTMRRi6GcZ4=,Ikdj/Pnaqej7mviKnnhm00TeGR8=
17,12,mFiKbXZSjN8+VLd6DTMRRi6GcZ4=,RW1oApJu9RB8eiuV/E1hKttx9dc=
20,13,B6dga69xn6S/E1vyqeoC5IbpXuA=,PNKP7gNbunL6rnp0uHAFcnxvbCQ=
20,14,B6dga69xn6S/E1vyqeoC5IbpXuA=,NlA3pC2DUEYKUbtx6kCGJxIlMFo=
19,13,B6dga69xn6S/E1vyqeoC5IbpXuA=,Ikdj/Pnaqej7mviKnnhm00TeGR8=
19,14,B6dga69xn6S/E1vyqeoC5IbpXuA=,5ngk51YpiseJ4vEvdgkyyn4c+z4=
17,13,66D2zJIdDQIHnpaiX1Nl33ow1lU=,RW1oApJu9RB8eiuV/E1hKttx9dc=
18,13,66D2zJIdDQIHnpaiX1Nl33ow1lU=,Ikdj/Pnaqej7mviKnnhm00TeGR8=
18,14,66D2zJIdDQIHnpaiX1Nl33ow1lU=,5ngk51YpiseJ4vEvdgkyyn4c+z4=
17,14,66D2zJIdDQIHnpaiX1Nl33ow1lU=,sDnuJ2MSBXny3Z5nwXUhv1zIymg=
20,15,66D2zJIdDQIHnpaiX1Nl33ow1lU=,NlA3pC2DUEYKUbtx6kCGJxIlMFo=
19,15,66D2zJIdDQIHnpaiX1Nl33ow1lU=,5ngk51YpiseJ4vEvdgkyyn4c+z4=
18,15,DWFeSkhSF/MiKuAajReP6Sr2iyU=,5ngk51YpiseJ4vEvdgkyyn4c+z4=
17,15,DWFeSkhSF/MiKuAajReP6Sr2iyU=,sDnuJ2MSBXny3Z5nwXUhv1zIymg=
16,13,7XQEdxpd1DQvmV5Osq8UTrCi5do=,RW1oApJu9RB8eiuV/E1hKttx9dc=
16,14,7XQEdxpd1DQvmV5Osq8UTrCi5do=,sDnuJ2MSBXny3Z5nwXUhv1zIymg=
16,12,a0j7IAQntag2F9m2fluJaUUOXPE=,RW1oApJu9RB8eiuV/E1hKttx9dc=
16,11,a0j7IAQntag2F9m2fluJaUUOXPE=,YElbJy30+jHpG/1+CDdq+OO5cNc=
16,10,a0j7IAQntag2F9m2fluJaUUOXPE=,YElbJy30+jHpG/1+CDdq+OO5cNc=
16,9,a0j7IAQntag2F9m2fluJaUUOXPE=,/stnIFV+Pe/MeM030RrQPWTPEfw=
16,7,stp6LMCMILs08E9xdXgGMrhFgXM=,4HC1WskYqg3S7CzrBzZIVrSO1ME=
16,8,stp6LMCMILs08E9xdXgGMrhFgXM=,/stnIFV+Pe/MeM030RrQPWTPEfw=
16,5,y5W5tJRObHqlwTGV022YFcUFa8s=,9VpNs1RlEzcHDwQJhSBPG2FNyXM=
16,6,y5W5tJRObHqlwTGV022YFcUFa8s=,4HC1WskYqg3S7CzrBzZIVrSO1ME=
16,4,y5W5tJRObHqlwTGV022YFcUFa8s=,9VpNs1RlEzcHDwQJhSBPG2FNyXM=
16,3,y5W5tJRObHqlwTGV022YFcUFa8s=,/ngTQPThpgecitPxNIdpKhDx8vc=
21,13,y5W5tJRObHqlwTGV022YFcUFa8s=,PNKP7gNbunL6rnp0uHAFcnxvbCQ=
21,14,y5W5tJRObHqlwTGV022YFcUFa8s=,NlA3pC2DUEYKUbtx6kCGJxIlMFo=
16,1,Lw1VAfmrR/YpXSDZSw9EoDFy+vc=,kxqmEnks2GA7MDmeZJ3U7EJQn50=
16,2,Lw1VAfmrR/YpXSDZSw9EoDFy+vc=,/ngTQPThpgecitPxNIdpKhDx8vc=
20,12,Lw1VAfmrR/YpXSDZSw9EoDFy+vc=,PNKP7gNbunL6rnp0uHAFcnxvbCQ=
20,11,Lw1VAfmrR/YpXSDZSw9EoDFy+vc=,fC+5IvGHu0DPVmwIlQd/HnkEX28=
19,11,Lw1VAfmrR/YpXSDZSw9EoDFy+vc=,DsImFlwAbxDaeWRLrj9eN04aDEo=
19,12,Lw1VAfmrR/YpXSDZSw9EoDFy+vc=,Ikdj/Pnaqej7mviKnnhm00TeGR8=
21,11,ROHmx3vdN1n+Q6LSLgPJu4IpIOI=,fC+5IvGHu0DPVmwIlQd/HnkEX28=
21,12,ROHmx3vdN1n+Q6LSLgPJu4IpIOI=,PNKP7gNbunL6rnp0uHAFcnxvbCQ=
21,2,ROHmx3vdN1n+Q6LSLgPJu4IpIOI=,Ylp+VforPF9wh5ARPgx/m2Zo9vI=
21,4,ROHmx3vdN1n+Q6LSLgPJu4IpIOI=,jNaNcfYnn76+06ZmQzVRa9lM6nc=
21,3,ROHmx3vdN1n+Q6LSLgPJu4IpIOI=,Ylp+VforPF9wh5ARPgx/m2Zo9vI=
21,1,ROHmx3vdN1n+Q6LSLgPJu4IpIOI=,xXSBIIjPT8gB1YjwxcrK2kuUjj0=
21,15,ROHmx3vdN1n+Q6LSLgPJu4IpIOI=,NlA3pC2DUEYKUbtx6kCGJxIlMFo=
16,0,ROHmx3vdN1n+Q6LSLgPJu4IpIOI=,kxqmEnks2GA7MDmeZJ3U7EJQn50=
20,0,ROHmx3vdN1n+Q6LSLgPJu4IpIOI=,xXSBIIjPT8gB1YjwxcrK2kuUjj0=
21,0,ROHmx3vdN1n+Q6LSLgPJu4IpIOI=,xXSBIIjPT8gB1YjwxcrK2kuUjj0=
19,0,ROHmx3vdN1n+Q6LSLgPJu4IpIOI=,euaQT3TupBFdUDNYxXhRpC8RyGM=
18,0,b3sq06wgsh4sKhjs9wxYDxi4HDI=,euaQT3TupBFdUDNYxXhRpC8RyGM=
17,0,b3sq06wgsh4sKhjs9wxYDxi4HDI=,kxqmEnks2GA7MDmeZJ3U7EJQn50=
20,10,b3sq06wgsh4sKhjs9wxYDxi4HDI=,fC+5IvGHu0DPVmwIlQd/HnkEX28=
21,9,b3sq06wgsh4sKhjs9wxYDxi4HDI=,vo/8PNyBLR4aavzGt5YvoG+Dp54=
21,10,b3sq06wgsh4sKhjs9wxYDxi4HDI=,fC+5IvGHu0DPVmwIlQd/HnkEX28=
20,9,b3sq06wgsh4sKhjs9wxYDxi4HDI=,vo/8PNyBLR4aavzGt5YvoG+Dp54=
19,10,b3sq06wgsh4sKhjs9wxYDxi4HDI=,DsImFlwAbxDaeWRLrj9eN04aDEo=
19,9,b3sq06wgsh4sKhjs9wxYDxi4HDI=,NaSLhNCL9PlIbXnO3eQeEMu7Y2g=
21,7,b3sq06wgsh4sKhjs9wxYDxi4HDI=,/5gE73LW0xYQJ7CC27VTuA5UnV8=
21,8,b3sq06wgsh4sKhjs9wxYDxi4HDI=,vo/8PNyBLR4aavzGt5YvoG+Dp54=
21,6,b3sq06wgsh4sKhjs9wxYDxi4HDI=,/5gE73LW0xYQJ7CC27VTuA5UnV8=
21,5,b3sq06wgsh4sKhjs9wxYDxi4HDI=,jNaNcfYnn76+06ZmQzVRa9lM6nc=
16,15,b3sq06wgsh4sKhjs9wxYDxi4HDI=,sDnuJ2MSBXny3Z5nwXUhv1zIymg=
20,8,b3sq06wgsh4sKhjs9wxYDxi4HDI=,vo/8PNyBLR4aavzGt5YvoG+Dp54=
20,6,b3sq06wgsh4sKhjs9wxYDxi4HDI=,/5gE73LW0xYQJ7CC27VTuA5UnV8=
20,5,b3sq06wgsh4sKhjs9wxYDxi4HDI=,jNaNcfYnn76+06ZmQzVRa9lM6nc=
20,7,b3sq06wgsh4sKhjs9wxYDxi4HDI=,/5gE73LW0xYQJ7CC27VTuA5UnV8=
19,5,b3sq06wgsh4sKhjs9wxYDxi4HDI=,WOwMryZfPYrvc06Xk2V49jbv/F0=
19,7,b3sq06wgsh4sKhjs9wxYDxi4HDI=,quIEi4/U/g5CeI5wc1arEJ9FOYA=
19,6,b3sq06wgsh4sKhjs9wxYDxi4HDI=,quIEi4/U/g5CeI5wc1arEJ9FOYA=
19,8,b3sq06wgsh4sKhjs9wxYDxi4HDI=,NaSLhNCL9PlIbXnO3eQeEMu7Y2g=
