18,-3,jC1kv/lkDtgIx9/1uKkgEqWdFbI=,ZNjoxLv5ICGqLAVZ4ff5/4lojlU=
18,-2,jC1kv/lkDtgIx9/1uKkgEqWdFbI=,QMYzUPaZfmkFSfNf4XTIYTV+9IM=
17,-2,jC1kv/lkDtgIx9/1uKkgEqWdFbI=,ADuT9K/8wgTvxdejzXFAwV/M9Do=
17,-3,jC1kv/lkDtgIx9/1uKkgEqWdFbI=,cvBwNvB8Ge0bEwa7nN0eJjVJXy4=
20,-4,4dharsF3YkAW7e+CpCQxlAFhKQQ=,PIMl9IYNqUK4JiE0m27lOi7gl30=
20,-5,4dharsF3YkAW7e+CpCQxlAFhKQQ=,j50YJaUhSlLmUs+3CrzOhu3p6Bk=
19,-5,4dharsF3YkAW7e+CpCQxlAFhKQQ=,SeXni4MYVGdB6hxjFyB4ekTaD1E=
17,-5,4dharsF3YkAW7e+CpCQxlAFhKQQ=,u3WbLveo23NxdqP7ElPGdKFXJz4=
19,-4,4dharsF3YkAW7e+CpCQxlAFhKQQ=,ZNjoxLv5ICGqLAVZ4ff5/4lojlU=
18,-5,4dharsF3YkAW7e+CpCQxlAFhKQQ=,SeXni4MYVGdB6hxjFyB4ekTaD1E=
18,-4,4dharsF3YkAW7e+CpCQxlAFhKQQ=,ZNjoxLv5ICGqLAVZ4ff5/4lojlU=
17,-4,4dharsF3YkAW7e+CpCQxlAFhKQQ=,cvBwNvB8Ge0bEwa7nN0eJjVJXy4=
17,-7,EzxXqOm0B5qngKKqug+ZIaEx+6A=,UHxNrcDc0aUsWHTBQjdQhWPNPBI=
17,-6,EzxXqOm0B5qngKKqug+ZIaEx+6A=,u3WbLveo23NxdqP7ElPGdKFXJz4=
18,-9,EzxXqOm0B5qngKKqug+ZIaEx+6A=,0EsgpQgVJCx/bz/lfgpfuvYx7qI=
17,-8,8H8h6REoZS4NVGirZfDY8dydDdk=,UHxNrcDc0aUsWHTBQjdQhWPNPBI=
18,-6,8H8h6REoZS4NVGirZfDY8dydDdk=,SeXni4MYVGdB6hxjFyB4ekTaD1E=
17,-9,8H8h6REoZS4NVGirZfDY8dydDdk=,hKz9Gon6DeiIW4Bo6Uthi93LK2U=
18,-7,8H8h6REoZS4NVGirZfDY8dydDdk=,YddRNcZciRc5hL6IBWtTG9LIhCs=
18,-8,8H8h6REoZS4NVGirZfDY8dydDdk=,YddRNcZciRc5hL6IBWtTG9LIhCs=
18,-10,3KeuyBTHeETv286bGczeDnhK42M=,0EsgpQgVJCx/bz/lfgpfuvYx7qI=
17,-10,3KeuyBTHeETv286bGczeDnhK42M=,hKz9Gon6DeiIW4Bo6Uthi93LK2U=
17,-11,3KeuyBTHeETv286bGczeDnhK42M=,Kv765tDs9J0qByfSJmr+mf24oIE=
18,-11,3KeuyBTHeETv286bGczeDnhK42M=,L9Jyz/coOzgt0IS2b33q23tkN2w=
19,-12,3KeuyBTHeETv286bGczeDnhK42M=,L9Jyz/coOzgt0IS2b33q23tkN2w=
20,-13,3KeuyBTHeETv286bGczeDnhK42M=,fx8yaxPYkLz3mcj7RO+AgDwE5LA=
20,-12,3KeuyBTHeETv286bGczeDnhK42M=,BuXmK30NtziPEzNTAkua1TQBhDM=
19,-13,3KeuyBTHeETv286bGczeDnhK42M=,61THumnxr+xE87cq3Cq4/pp0EoQ=
17,-12,Q5msoK+gwbZyucKqP0N5bjf7Sys=,Kv765tDs9J0qByfSJmr+mf24oIE=
18,-12,Q5msoK+gwbZyucKqP0N5bjf7Sys=,L9Jyz/coOzgt0IS2b33q23tkN2w=
18,-13,Q5msoK+gwbZyucKqP0N5bjf7Sys=,61THumnxr+xE87cq3Cq4/pp0EoQ=
17,-13,Q5msoK+gwbZyucKqP0N5bjf7Sys=,HqtV860bmnf2PvIqz0BGfPFiXhI=
20,-14,zlUUfNT8GGqOZyFpNbEDeiBvHus=,fx8yaxPYkLz3mcj7RO+AgDwE5LA=
20,-15,zlUUfNT8GGqOZyFpNbEDeiBvHus=,BYuKP9d29CEi1UZnB5/TQw56x0o=
19,-14,zlUUfNT8GGqOZyFpNbEDeiBvHus=,61THumnxr+xE87cq3Cq4/pp0EoQ=
19,-15,zlUUfNT8GGqOZyFpNbEDeiBvHus=,IXDnTLlhllmZiDHZPSZVPEOkqj0=
20,-16,W3bIo15zglkmCiySbyyk8Pt+9Hc=,BYuKP9d29CEi1UZnB5/TQw56x0o=
19,-16,W3bIo15zglkmCiySbyyk8Pt+9Hc=,IXDnTLlhllmZiDHZPSZVPEOkqj0=
18,-14,W3bIo15zglkmCiySbyyk8Pt+9Hc=,61THumnxr+xE87cq3Cq4/pp0EoQ=
17,-14,W3bIo15zglkmCiySbyyk8Pt+9Hc=,HqtV860bmnf2PvIqz0BGfPFiXhI=
18,-15,W3bIo15zglkmCiySbyyk8Pt+9Hc=,IXDnTLlhllmZiDHZPSZVPEOkqj0=
17,-15,W3bIo15zglkmCiySbyyk8Pt+9Hc=,HfRdJNAElE8GDSAEm81+hMD2WuE=
20,-3,JmoU2wml3E27ILbrsxsnyPAovZ0=,PIMl9IYNqUK4JiE0m27lOi7gl30=
21,-3,JmoU2wml3E27ILbrsxsnyPAovZ0=,PIMl9IYNqUK4JiE0m27lOi7gl30=
21,-2,JmoU2wml3E27ILbrsxsnyPAovZ0=,8UWAewW8ag2JX0oi0V/Ny2tGEPU=
20,-2,JmoU2wml3E27ILbrsxsnyPAovZ0=,8UWAewW8ag2JX0oi0V/Ny2tGEPU=
19,-3,JmoU2wml3E27ILbrsxsnyPAovZ0=,ZNjoxLv5ICGqLAVZ4ff5/4lojlU=
19,-2,JmoU2wml3E27ILbrsxsnyPAovZ0=,QMYzUPaZfmkFSfNf4XTIYTV+9IM=
21,-4,VftIyUdNYMSdZ6Wj1K1LPWxfSb4=,PIMl9IYNqUK4JiE0m27lOi7gl30=
21,-5,VftIyUdNYMSdZ6Wj1K1LPWxfSb4=,j50YJaUhSlLmUs+3CrzOhu3p6Bk=
16,-14,VftIyUdNYMSdZ6Wj1K1LPWxfSb4=,HqtV860bmnf2PvIqz0BGfPFiXhI=
16,-15,VftIyUdNYMSdZ6Wj1K1LPWxfSb4=,HfRdJNAElE8GDSAEm81+hMD2WuE=
16,-16,VftIyUdNYMSdZ6Wj1K1LPWxfSb4=,HfRdJNAElE8GDSAEm81+hMD2WuE=
17,-16,VftIyUdNYMSdZ6Wj1K1LPWxfSb4=,HfRdJNAElE8GDSAEm81+hMD2WuE=
18,-16,VftIyUdNYMSdZ6Wj1K1LPWxfSb4=,IXDnTLlhllmZiDHZPSZVPEOkqj0=
20,-11,VftIyUdNYMSdZ6Wj1K1LPWxfSb4=,BuXmK30NtziPEzNTAkua1TQBhDM=
21,-10,VftIyUdNYMSdZ6Wj1K1LPWxfSb4=,S2qohSl8ssB9/cMuIoCeVSyzjLk=
21,-11,VftIyUdNYMSdZ6Wj1K1LPWxfSb4=,BuXmK30NtziPEzNTAkua1TQBhDM=
20,-10,VftIyUdNYMSdZ6Wj1K1LPWxfSb4=,S2qohSl8ssB9/cMuIoCeVSyzjLk=
19,-10,VftIyUdNYMSdZ6Wj1K1LPWxfSb4=,0EsgpQgVJCx/bz/lfgpfuvYx7qI=
19,-11,VftIyUdNYMSdZ6Wj1K1LPWxfSb4=,L9Jyz/coOzgt0IS2b33q23tkN2w=
20,-9,MNg+rqd7/J8zARQjWi8bEJrQmf4=,S2qohSl8ssB9/cMuIoCeVSyzjLk=
21,-7,MNg+rqd7/J8zARQjWi8bEJrQmf4=,CW+alh9pXIEmw4fUMkkluKQ60Qc=
20,-7,MNg+rqd7/J8zARQjWi8bEJrQmf4=,CW+alh9pXIEmw4fUMkkluKQ60Qc=
21,-8,MNg+rqd7/J8zARQjWi8bEJrQmf4=,CW+alh9pXIEmw4fUMkkluKQ60Qc=
20,-8,MNg+rqd7/J8zARQjWi8bEJrQmf4=,CW+alh9pXIEmw4fUMkkluKQ60Qc=
20,-6,MNg+rqd7/J8zARQjWi8bEJrQmf4=,j50YJaUhSlLmUs+3CrzOhu3p6Bk=
21,-6,MNg+rqd7/J8zARQjWi8bEJrQmf4=,j50YJaUhSlLmUs+3CrzOhu3p6Bk=
21,-9,MNg+rqd7/J8zARQjWi8bEJrQmf4=,S2qohSl8ssB9/cMuIoCeVSyzjLk=
19,-6,MNg+rqd7/J8zARQjWi8bEJrQmf4=,SeXni4MYVGdB6hxjFyB4ekTaD1E=
19,-9,MNg+rqd7/J8zARQjWi8bEJrQmf4=,0EsgpQgVJCx/bz/lfgpfuvYx7qI=
19,-7,MNg+rqd7/J8zARQjWi8bEJrQmf4=,YddRNcZciRc5hL6IBWtTG9LIhCs=
19,-8,MNg+rqd7/J8zARQjWi8bEJrQmf4=,YddRNcZciRc5hL6IBWtTG9LIhCs=
20,-1,OAQ2L/nCoX+hacZ/yVgjyr5Wh+c=,8UWAewW8ag2JX0oi0V/Ny2tGEPU=
19,-1,kK+UfEpNz5fbKO1wbVTDsf0YRtk=,QMYzUPaZfmkFSfNf4XTIYTV+9IM=
17,-1,kK+UfEpNz5fbKO1wbVTDsf0YRtk=,ADuT9K/8wgTvxdejzXFAwV/M9Do=
18,-1,kK+UfEpNz5fbKO1wbVTDsf0YRtk=,QMYzUPaZfmkFSfNf4XTIYTV+9IM=
16,-2,xIAiy1kYyN+x1Y8WuCOkWdsr5yY=,ADuT9K/8wgTvxdejzXFAwV/M9Do=
16,-3,xIAiy1kYyN+x1Y8WuCOkWdsr5yY=,cvBwNvB8Ge0bEwa7nN0eJjVJXy4=
16,-5,QV1ZWxqy3tFLjccYZLVbb/AsVOU=,u3WbLveo23NxdqP7ElPGdKFXJz4=
16,-4,QV1ZWxqy3tFLjccYZLVbb/AsVOU=,cvBwNvB8Ge0bEwa7nN0eJjVJXy4=
21,-16,EJqDFZSS5ZmDXrKlAxzzHfydPy4=,BYuKP9d29CEi1UZnB5/TQw56x0o=
21,-14,EJqDFZSS5ZmDXrKlAxzzHfydPy4=,fx8yaxPYkLz3mcj7RO+AgDwE5LA=
21,-15,EJqDFZSS5ZmDXrKlAxzzHfydPy4=,BYuKP9d29CEi1UZnB5/TQw56x0o=
21,-13,EJqDFZSS5ZmDXrKlAxzzHfydPy4=,fx8yaxPYkLz3mcj7RO+AgDwE5LA=
21,-12,EJqDFZSS5ZmDXrKlAxzzHfydPy4=,BuXmK30NtziPEzNTAkua1TQBhDM=
21,-1,EJqDFZSS5ZmDXrKlAxzzHfydPy4=,8UWAewW8ag2JX0oi0V/Ny2tGEPU=
16,-7,EJqDFZSS5ZmDXrKlAxzzHfydPy4=,UHxNrcDc0aUsWHTBQjdQhWPNPBI=
16,-6,EJqDFZSS5ZmDXrKlAxzzHfydPy4=,u3WbLveo23NxdqP7ElPGdKFXJz4=
16,-1,EJqDFZSS5ZmDXrKlAxzzHfydPy4=,ADuT9K/8wgTvxdejzXFAwV/M9Do=
16,-8,Xe2H9/TBATWzOcvDE4xHNo+3Kw4=,UHxNrcDc0aUsWHTBQjdQhWPNPBI=
16,-9,Xe2H9/TBATWzOcvDE4xHNo+3Kw4=,hKz9Gon6DeiIW4Bo6Uthi93LK2U=
16,-10,Xe2H9/TBATWzOcvDE4xHNo+3Kw4=,hKz9Gon6DeiIW4Bo6Uthi93LK2U=
16,-11,Xe2H9/TBATWzOcvDE4xHNo+3Kw4=,Kv765tDs9J0qByfSJmr+mf24oIE=
16,-13,Xe2H9/TBATWzOcvDE4xHNo+3Kw4=,HqtV860bmnf2PvIqz0BGfPFiXhI=
16,-12,Xe2H9/TBATWzOcvDE4xHNo+3Kw4=,Kv765tDs9J0qByfSJmr+mf24oIE=
20,-20,igCMgZfhhWOcZ5DJgDtt2myiDpQ=,o69LbRt9hX667EYgatNYe8O6mcc=
20,-21,igCMgZfhhWOcZ5DJgDtt2myiDpQ=,o1U/t+CYkR4tH50pnLDhswEanrA=
17,-21,igCMgZfhhWOcZ5DJgDtt2myiDpQ=,jfxpJ78y98WtZev0I9nWsSzpE10=
19,-21,igCMgZfhhWOcZ5DJgDtt2myiDpQ=,704liO3s5jq80f8ruy9n1lF+lxI=
18,-21,igCMgZfhhWOcZ5DJgDtt2myiDpQ=,704liO3s5jq80f8ruy9n1lF+lxI=
17,-20,igCMgZfhhWOcZ5DJgDtt2myiDpQ=,gjRC57GmI2/1xgbFaqxJF5VH3KI=
19,-20,igCMgZfhhWOcZ5DJgDtt2myiDpQ=,jNDSx3d+c0mHAJ1Taj1JM++0KTc=
18,-20,igCMgZfhhWOcZ5DJgDtt2myiDpQ=,jNDSx3d+c0mHAJ1Taj1JM++0KTc=
20,-19,o/z9DVSAd4sozgIr6oaQHNUuuyA=,o69LbRt9hX667EYgatNYe8O6mcc=
20,-18,o/z9DVSAd4sozgIr6oaQHNUuuyA=,RhmJIyj/saxI/8vjRur27S0kF/0=
19,-19,o/z9DVSAd4sozgIr6oaQHNUuuyA=,jNDSx3d+c0mHAJ1Taj1JM++0KTc=
19,-18,o/z9DVSAd4sozgIr6oaQHNUuuyA=,YAIRJmCOQOyn5dRpSzrc/t7M9/8=
18,-19,jNZ5x3u4c9QeRqI6nZJ0oupaLtg=,jNDSx3d+c0mHAJ1Taj1JM++0KTc=
18,-18,jNZ5x3u4c9QeRqI6nZJ0oupaLtg=,YAIRJmCOQOyn5dRpSzrc/t7M9/8=
17,-19,jNZ5x3u4c9QeRqI6nZJ0oupaLtg=,gjRC57GmI2/1xgbFaqxJF5VH3KI=
17,-18,jNZ5x3u4c9QeRqI6nZJ0oupaLtg=,jeavn9EKw6ss6nElPiCYpLb59OE=
20,-17,kAGlk1TTIatkW221PHamHa7G+5A=,RhmJIyj/saxI/8vjRur27S0kF/0=
19,-17,kAGlk1TTIatkW221PHamHa7G+5A=,YAIRJmCOQOyn5dRpSzrc/t7M9/8=
16,-22,ZYRuT7n6irL4ByJ+FV3sPm+6tQo=,jfxpJ78y98WtZev0I9nWsSzpE10=
21,-19,ZYRuT7n6irL4ByJ+FV3sPm+6tQo=,o69LbRt9hX667EYgatNYe8O6mcc=
21,-18,ZYRuT7n6irL4ByJ+FV3sPm+6tQo=,RhmJIyj/saxI/8vjRur27S0kF/0=
17,-22,ZYRuT7n6irL4ByJ+FV3sPm+6tQo=,jfxpJ78y98WtZev0I9nWsSzpE10=
18,-22,ZYRuT7n6irL4ByJ+FV3sPm+6tQo=,704liO3s5jq80f8ruy9n1lF+lxI=
19,-22,ZYRuT7n6irL4ByJ+FV3sPm+6tQo=,704liO3s5jq80f8ruy9n1lF+lxI=
20,-22,ZYRuT7n6irL4ByJ+FV3sPm+6tQo=,o1U/t+CYkR4tH50pnLDhswEanrA=
21,-17,ZYRuT7n6irL4ByJ+FV3sPm+6tQo=,RhmJIyj/saxI/8vjRur27S0kF/0=
21,-20,ZYRuT7n6irL4ByJ+FV3sPm+6tQo=,o69LbRt9hX667EYgatNYe8O6mcc=
21,-22,ZYRuT7n6irL4ByJ+FV3sPm+6tQo=,o1U/t+CYkR4tH50pnLDhswEanrA=
21,-21,ZYRuT7n6irL4ByJ+FV3sPm+6tQo=,o1U/t+CYkR4tH50pnLDhswEanrA=
18,-17,ZYRuT7n6irL4ByJ+FV3sPm+6tQo=,YAIRJmCOQOyn5dRpSzrc/t7M9/8=
17,-17,ZYRuT7n6irL4ByJ+FV3sPm+6tQo=,jeavn9EKw6ss6nElPiCYpLb59OE=
16,-21,ZYRuT7n6irL4ByJ+FV3sPm+6tQo=,jfxpJ78y98WtZev0I9nWsSzpE10=
16,-20,ZYRuT7n6irL4ByJ+FV3sPm+6tQo=,gjRC57GmI2/1xgbFaqxJF5VH3KI=
16,-18,ZYRuT7n6irL4ByJ+FV3sPm+6tQo=,jeavn9EKw6ss6nElPiCYpLb59OE=
16,-19,ZYRuT7n6irL4ByJ+FV3sPm+6tQo=,gjRC57GmI2/1xgbFaqxJF5VH3KI=
16,-17,XbYVlHR/iz3g3aZj00Tut7a5d3c=,jeavn9EKw6ss6nElPiCYpLb59OE=
11,-19,6KF+Y8UFMCLZ9n8FcNacbJkT04Y=,2jkJ8r6pqoqQogl2S2Nr5Yt/zvE=
12,-18,6KF+Y8UFMCLZ9n8FcNacbJkT04Y=,BnRJBGtRktrG6x5hj1rKTPWgy1w=
11,-18,6KF+Y8UFMCLZ9n8FcNacbJkT04Y=,r14FtNHq67ojEesiSMZkJrroaWE=
12,-19,6KF+Y8UFMCLZ9n8FcNacbJkT04Y=,ij1/f9POjymtJufaXdY13K87V24=
8,-19,AWMXBpPUUDV7FDM6bH4baV8Jn0U=,+Gp36UQ/OcCCbSidZCYrjVTWlxs=
10,-19,AWMXBpPUUDV7FDM6bH4baV8Jn0U=,2jkJ8r6pqoqQogl2S2Nr5Yt/zvE=
9,-19,AWMXBpPUUDV7FDM6bH4baV8Jn0U=,+Gp36UQ/OcCCbSidZCYrjVTWlxs=
10,-18,AWMXBpPUUDV7FDM6bH4baV8Jn0U=,r14FtNHq67ojEesiSMZkJrroaWE=
7,-18,AWMXBpPUUDV7FDM6bH4baV8Jn0U=,QTQYq/IRdpHu4QOLbbHDgyBfejc=
7,-19,AWMXBpPUUDV7FDM6bH4baV8Jn0U=,sU+1in65Yy3iDI23bjdxeHeuM0c=
9,-18,AWMXBpPUUDV7FDM6bH4baV8Jn0U=,HWmlWTnpX3VY4SSVUYrwDleso44=
8,-18,AWMXBpPUUDV7FDM6bH4baV8Jn0U=,HWmlWTnpX3VY4SSVUYrwDleso44=
5,-18,+hcFG1hVdm07ZrBCaPxuaVjuFy4=,hfUdGNCMJneMlrxwSKnMqRf9BwQ=
6,-19,+hcFG1hVdm07ZrBCaPxuaVjuFy4=,sU+1in65Yy3iDI23bjdxeHeuM0c=
6,-18,+hcFG1hVdm07ZrBCaPxuaVjuFy4=,QTQYq/IRdpHu4QOLbbHDgyBfejc=
5,-19,+hcFG1hVdm07ZrBCaPxuaVjuFy4=,yt0xBXHqNCy7sbfec5wMBHCNKQw=
4,-18,lqeOry5bBMFr7tHEIJpc4GLm2GM=,hfUdGNCMJneMlrxwSKnMqRf9BwQ=
4,-19,lqeOry5bBMFr7tHEIJpc4GLm2GM=,yt0xBXHqNCy7sbfec5wMBHCNKQw=
3,-18,lqeOry5bBMFr7tHEIJpc4GLm2GM=,NU3n68otf+SE4RzfHlgIKLWMGV8=
3,-19,lqeOry5bBMFr7tHEIJpc4GLm2GM=,xEsrzAE2SwZnW9JnZqpeSpcJyC4=
2,-21,bBpl6lf9++axfJzCrvsVU0b3vPI=,2zsROjb/RAhpJhwijEtL5uLYm1c=
1,-21,bBpl6lf9++axfJzCrvsVU0b3vPI=,xTHDjROghWdtezGV+e5KY5k2EGs=
1,-20,bBpl6lf9++axfJzCrvsVU0b3vPI=,JXM93Fhbyw46+8ysH9BYjW4VNFw=
2,-20,bBpl6lf9++axfJzCrvsVU0b3vPI=,xEsrzAE2SwZnW9JnZqpeSpcJyC4=
2,-18,bBpl6lf9++axfJzCrvsVU0b3vPI=,NU3n68otf+SE4RzfHlgIKLWMGV8=
2,-19,bBpl6lf9++axfJzCrvsVU0b3vPI=,xEsrzAE2SwZnW9JnZqpeSpcJyC4=
1,-19,bBpl6lf9++axfJzCrvsVU0b3vPI=,JXM93Fhbyw46+8ysH9BYjW4VNFw=
1,-18,bBpl6lf9++axfJzCrvsVU0b3vPI=,btR6lBFQOVWQb5gEiB0v3GW3Fpw=
0,-21,bBpl6lf9++axfJzCrvsVU0b3vPI=,xTHDjROghWdtezGV+e5KY5k2EGs=
0,-22,bBpl6lf9++axfJzCrvsVU0b3vPI=,xTHDjROghWdtezGV+e5KY5k2EGs=
0,-20,bBpl6lf9++axfJzCrvsVU0b3vPI=,JXM93Fhbyw46+8ysH9BYjW4VNFw=
2,-17,bBpl6lf9++axfJzCrvsVU0b3vPI=,NU3n68otf+SE4RzfHlgIKLWMGV8=
1,-17,bBpl6lf9++axfJzCrvsVU0b3vPI=,btR6lBFQOVWQb5gEiB0v3GW3Fpw=
0,-17,zihWwlOsZ1XeVkJoA3bzVzAhE/w=,btR6lBFQOVWQb5gEiB0v3GW3Fpw=
0,-18,zihWwlOsZ1XeVkJoA3bzVzAhE/w=,btR6lBFQOVWQb5gEiB0v3GW3Fpw=
0,-19,zihWwlOsZ1XeVkJoA3bzVzAhE/w=,JXM93Fhbyw46+8ysH9BYjW4VNFw=
8,-21,rCJ8J3dzhEOX1oe8gtzY7G/zNXM=,FJlxJm/8lB1QTi7eIWiJZPjq1sc=
10,-21,rCJ8J3dzhEOX1oe8gtzY7G/zNXM=,545X7S6cpPz18MvdRw7JNck+bDc=
7,-21,rCJ8J3dzhEOX1oe8gtzY7G/zNXM=,77MUculon2vl8QHi8ch9oyg1mro=
9,-21,rCJ8J3dzhEOX1oe8gtzY7G/zNXM=,FJlxJm/8lB1QTi7eIWiJZPjq1sc=
7,-22,rCJ8J3dzhEOX1oe8gtzY7G/zNXM=,77MUculon2vl8QHi8ch9oyg1mro=
8,-22,rCJ8J3dzhEOX1oe8gtzY7G/zNXM=,FJlxJm/8lB1QTi7eIWiJZPjq1sc=
10,-20,rCJ8J3dzhEOX1oe8gtzY7G/zNXM=,2jkJ8r6pqoqQogl2S2Nr5Yt/zvE=
8,-20,rCJ8J3dzhEOX1oe8gtzY7G/zNXM=,+Gp36UQ/OcCCbSidZCYrjVTWlxs=
9,-20,rCJ8J3dzhEOX1oe8gtzY7G/zNXM=,+Gp36UQ/OcCCbSidZCYrjVTWlxs=
7,-20,rCJ8J3dzhEOX1oe8gtzY7G/zNXM=,sU+1in65Yy3iDI23bjdxeHeuM0c=
2,-22,rCJ8J3dzhEOX1oe8gtzY7G/zNXM=,2zsROjb/RAhpJhwijEtL5uLYm1c=
1,-22,rCJ8J3dzhEOX1oe8gtzY7G/zNXM=,xTHDjROghWdtezGV+e5KY5k2EGs=
3,-17,rCJ8J3dzhEOX1oe8gtzY7G/zNXM=,NU3n68otf+SE4RzfHlgIKLWMGV8=
4,-17,rCJ8J3dzhEOX1oe8gtzY7G/zNXM=,hfUdGNCMJneMlrxwSKnMqRf9BwQ=
6,-21,DZ1xRpuEzipKCVgrRusFilpySpU=,77MUculon2vl8QHi8ch9oyg1mro=
5,-22,DZ1xRpuEzipKCVgrRusFilpySpU=,3obEutKmPwE1nmsVUAvFZaTCMlg=
6,-22,DZ1xRpuEzipKCVgrRusFilpySpU=,77MUculon2vl8QHi8ch9oyg1mro=
3,-21,DZ1xRpuEzipKCVgrRusFilpySpU=,2zsROjb/RAhpJhwijEtL5uLYm1c=
3,-22,DZ1xRpuEzipKCVgrRusFilpySpU=,2zsROjb/RAhpJhwijEtL5uLYm1c=
5,-21,DZ1xRpuEzipKCVgrRusFilpySpU=,3obEutKmPwE1nmsVUAvFZaTCMlg=
4,-21,DZ1xRpuEzipKCVgrRusFilpySpU=,3obEutKmPwE1nmsVUAvFZaTCMlg=
5,-17,DZ1xRpuEzipKCVgrRusFilpySpU=,hfUdGNCMJneMlrxwSKnMqRf9BwQ=
4,-22,DZ1xRpuEzipKCVgrRusFilpySpU=,3obEutKmPwE1nmsVUAvFZaTCMlg=
6,-20,DZ1xRpuEzipKCVgrRusFilpySpU=,sU+1in65Yy3iDI23bjdxeHeuM0c=
5,-20,DZ1xRpuEzipKCVgrRusFilpySpU=,yt0xBXHqNCy7sbfec5wMBHCNKQw=
3,-20,DZ1xRpuEzipKCVgrRusFilpySpU=,xEsrzAE2SwZnW9JnZqpeSpcJyC4=
4,-20,DZ1xRpuEzipKCVgrRusFilpySpU=,yt0xBXHqNCy7sbfec5wMBHCNKQw=
6,-17,DZ1xRpuEzipKCVgrRusFilpySpU=,QTQYq/IRdpHu4QOLbbHDgyBfejc=
12,-21,DZ1xRpuEzipKCVgrRusFilpySpU=,RxFI+X7P62olCKtScCRVUggYPRw=
11,-21,DZ1xRpuEzipKCVgrRusFilpySpU=,545X7S6cpPz18MvdRw7JNck+bDc=
11,-20,DZ1xRpuEzipKCVgrRusFilpySpU=,2jkJ8r6pqoqQogl2S2Nr5Yt/zvE=
12,-20,lwrRWJn7iejjwFQhM1ZXugPeCcQ=,ij1/f9POjymtJufaXdY13K87V24=
7,-17,lwrRWJn7iejjwFQhM1ZXugPeCcQ=,QTQYq/IRdpHu4QOLbbHDgyBfejc=
9,-17,lwrRWJn7iejjwFQhM1ZXugPeCcQ=,HWmlWTnpX3VY4SSVUYrwDleso44=
8,-17,lwrRWJn7iejjwFQhM1ZXugPeCcQ=,HWmlWTnpX3VY4SSVUYrwDleso44=
10,-17,lwrRWJn7iejjwFQhM1ZXugPeCcQ=,r14FtNHq67ojEesiSMZkJrroaWE=
13,-21,9IVsEoiCdowTf7puyVfz2VLtOc0=,RxFI+X7P62olCKtScCRVUggYPRw=
14,-21,9IVsEoiCdowTf7puyVfz2VLtOc0=,hvP70hawSGajdxfdqnB1K4UrdZw=
13,-20,9IVsEoiCdowTf7puyVfz2VLtOc0=,ij1/f9POjymtJufaXdY13K87V24=
14,-20,9IVsEoiCdowTf7puyVfz2VLtOc0=,DxkDuyxTF/bkoqepPZaQXIhN3Qw=
15,-21,9IVsEoiCdowTf7puyVfz2VLtOc0=,hvP70hawSGajdxfdqnB1K4UrdZw=
14,-22,9IVsEoiCdowTf7puyVfz2VLtOc0=,hvP70hawSGajdxfdqnB1K4UrdZw=
10,-22,9IVsEoiCdowTf7puyVfz2VLtOc0=,545X7S6cpPz18MvdRw7JNck+bDc=
13,-22,9IVsEoiCdowTf7puyVfz2VLtOc0=,RxFI+X7P62olCKtScCRVUggYPRw=
11,-22,9IVsEoiCdowTf7puyVfz2VLtOc0=,545X7S6cpPz18MvdRw7JNck+bDc=
12,-22,/zEDzjxPz4Rhlv1JfbH8byh44KE=,RxFI+X7P62olCKtScCRVUggYPRw=
9,-22,/zEDzjxPz4Rhlv1JfbH8byh44KE=,FJlxJm/8lB1QTi7eIWiJZPjq1sc=
15,-22,/zEDzjxPz4Rhlv1JfbH8byh44KE=,hvP70hawSGajdxfdqnB1K4UrdZw=
15,-20,/zEDzjxPz4Rhlv1JfbH8byh44KE=,DxkDuyxTF/bkoqepPZaQXIhN3Qw=
15,-19,/zEDzjxPz4Rhlv1JfbH8byh44KE=,DxkDuyxTF/bkoqepPZaQXIhN3Qw=
15,-18,/zEDzjxPz4Rhlv1JfbH8byh44KE=,4y2nJIc7avSonZZjPg0fceVpXvM=
13,-19,/zEDzjxPz4Rhlv1JfbH8byh44KE=,ij1/f9POjymtJufaXdY13K87V24=
13,-18,/zEDzjxPz4Rhlv1JfbH8byh44KE=,BnRJBGtRktrG6x5hj1rKTPWgy1w=
14,-18,/zEDzjxPz4Rhlv1JfbH8byh44KE=,4y2nJIc7avSonZZjPg0fceVpXvM=
14,-19,/zEDzjxPz4Rhlv1JfbH8byh44KE=,DxkDuyxTF/bkoqepPZaQXIhN3Qw=
11,-17,/zEDzjxPz4Rhlv1JfbH8byh44KE=,r14FtNHq67ojEesiSMZkJrroaWE=
14,-17,/zEDzjxPz4Rhlv1JfbH8byh44KE=,4y2nJIc7avSonZZjPg0fceVpXvM=
12,-17,/zEDzjxPz4Rhlv1JfbH8byh44KE=,BnRJBGtRktrG6x5hj1rKTPWgy1w=
13,-17,/zEDzjxPz4Rhlv1JfbH8byh44KE=,BnRJBGtRktrG6x5hj1rKTPWgy1w=
15,-17,/zEDzjxPz4Rhlv1JfbH8byh44KE=,4y2nJIc7avSonZZjPg0fceVpXvM=
2,-3,qpjW7eMdu2AAtUp/izjnwAPFRg0=,zI65muavJ3zxYUdBA+u31icTR8A=
1,-3,qpjW7eMdu2AAtUp/izjnwAPFRg0=,sC3MpFuczantn9pn+DOeNvdz44g=
2,-2,qpjW7eMdu2AAtUp/izjnwAPFRg0=,A48Po2AyOliaZb7Da09Y5mCAlvc=
1,-2,qpjW7eMdu2AAtUp/izjnwAPFRg0=,JuN3oyKXEas0rUhxfKP+M/sfyOY=
3,-3,wtokq0vFvwtvAbI9vqVMLAUyr9Q=,zI65muavJ3zxYUdBA+u31icTR8A=
3,-2,wtokq0vFvwtvAbI9vqVMLAUyr9Q=,A48Po2AyOliaZb7Da09Y5mCAlvc=
4,-3,wtokq0vFvwtvAbI9vqVMLAUyr9Q=,dBkYFOJPlw7zRezgoIfIOm7eodU=
4,-2,wtokq0vFvwtvAbI9vqVMLAUyr9Q=,WImTKB3L1lTG45Swx0wWw4qeFmE=
6,-2,jjJDi2e4oJPW/zwCLP06fxMO1wk=,e2LxT1qOZyHuwI3uZXn6mBEX2Qw=
5,-2,jjJDi2e4oJPW/zwCLP06fxMO1wk=,WImTKB3L1lTG45Swx0wWw4qeFmE=
5,-3,jjJDi2e4oJPW/zwCLP06fxMO1wk=,dBkYFOJPlw7zRezgoIfIOm7eodU=
6,-3,jjJDi2e4oJPW/zwCLP06fxMO1wk=,myHbXltvI7NfE6DWBzfbJp+kLlk=
7,-2,fkrqd3gdjSacBFC1+C7vlUsB26E=,e2LxT1qOZyHuwI3uZXn6mBEX2Qw=
7,-3,fkrqd3gdjSacBFC1+C7vlUsB26E=,myHbXltvI7NfE6DWBzfbJp+kLlk=
8,-2,fkrqd3gdjSacBFC1+C7vlUsB26E=,yeDVfDgsOacydhi8ZSqq9p6Zv40=
8,-3,fkrqd3gdjSacBFC1+C7vlUsB26E=,YYjk4hrQcfscgPwLgdHZrF9trKU=
9,-6,JUDz95FKMTQbt439D3Q/P6srKVw=,EW+jqz0FF5PsO7+w9mWHXNutCug=
10,-6,JUDz95FKMTQbt439D3Q/P6srKVw=,6f7QBUnp1KYAh8Cyn0clfCoKEpo=
10,-7,JUDz95FKMTQbt439D3Q/P6srKVw=,iOESGlJ7KtnrY7tAHxP8qAZ02Gk=
9,-7,JUDz95FKMTQbt439D3Q/P6srKVw=,cZ1gpgRJU9R3/Zw8MCONUeNrkQA=
8,-9,G1WMs08I4frK/iPZOxc8rTf9ZV8=,NGEaVNaNJotLsJImKLsS0DTliMo=
6,-9,G1WMs08I4frK/iPZOxc8rTf9ZV8=,K45sr9oLyxPhW6/BZ9+PCN9eEJ0=
7,-9,G1WMs08I4frK/iPZOxc8rTf9ZV8=,K45sr9oLyxPhW6/BZ9+PCN9eEJ0=
8,-8,G1WMs08I4frK/iPZOxc8rTf9ZV8=,cZ1gpgRJU9R3/Zw8MCONUeNrkQA=
6,-8,G1WMs08I4frK/iPZOxc8rTf9ZV8=,exxuk/NrVxfGQXEPIKZaBE4ZSJ8=
5,-9,G1WMs08I4frK/iPZOxc8rTf9ZV8=,2txiwvjZUrtqNNgAk/2pWA4X5hQ=
7,-8,G1WMs08I4frK/iPZOxc8rTf9ZV8=,exxuk/NrVxfGQXEPIKZaBE4ZSJ8=
5,-8,G1WMs08I4frK/iPZOxc8rTf9ZV8=,Ry+tj8G3YhW1Ray8OR44hPRtmOI=
4,-8,iEL2qcGBoOpaZ3L0LD+hsDE2zrk=,Ry+tj8G3YhW1Ray8OR44hPRtmOI=
3,-8,iEL2qcGBoOpaZ3L0LD+hsDE2zrk=,j79pQZtc7h1Xk34ntzs44YdzpDM=
4,-9,iEL2qcGBoOpaZ3L0LD+hsDE2zrk=,2txiwvjZUrtqNNgAk/2pWA4X5hQ=
2,-8,iEL2qcGBoOpaZ3L0LD+hsDE2zrk=,j79pQZtc7h1Xk34ntzs44YdzpDM=
1,-9,iEL2qcGBoOpaZ3L0LD+hsDE2zrk=,bAyGsKEel11yXBQ7/lCvf7XnvH0=
1,-8,iEL2qcGBoOpaZ3L0LD+hsDE2zrk=,RyMYBNd2ZAT4x5WoHlSvp8VR3Bo=
3,-9,iEL2qcGBoOpaZ3L0LD+hsDE2zrk=,soNj6Vxcc/IvGeCASJpeprIFodA=
2,-9,iEL2qcGBoOpaZ3L0LD+hsDE2zrk=,soNj6Vxcc/IvGeCASJpeprIFodA=
1,-10,8YdBE8QO/yzEdIrG+Uq3/EcfrXg=,bAyGsKEel11yXBQ7/lCvf7XnvH0=
2,-11,8YdBE8QO/yzEdIrG+Uq3/EcfrXg=,IKqyz86uaIelf6/ZsciemhlT20c=
2,-12,bR27sWs9z0TNsVMiAkxyzZ+AQBY=,IKqyz86uaIelf6/ZsciemhlT20c=
2,-10,bR27sWs9z0TNsVMiAkxyzZ+AQBY=,soNj6Vxcc/IvGeCASJpeprIFodA=
1,-11,bR27sWs9z0TNsVMiAkxyzZ+AQBY=,8pPtx1QGPjpjpbklyxcirqRcRSY=
1,-12,bR27sWs9z0TNsVMiAkxyzZ+AQBY=,8pPtx1QGPjpjpbklyxcirqRcRSY=
2,-13,bR27sWs9z0TNsVMiAkxyzZ+AQBY=,9zieGj8jCP9yJtavQ9ullcxoFKQ=
1,-13,bR27sWs9z0TNsVMiAkxyzZ+AQBY=,0aaIpZDkAJNn8QYAHPKrnngMBqA=
1,-14,O1Yk0+oqS6BBN+bt7M7zWAQ/Rq0=,0aaIpZDkAJNn8QYAHPKrnngMBqA=
2,-14,O1Yk0+oqS6BBN+bt7M7zWAQ/Rq0=,9zieGj8jCP9yJtavQ9ullcxoFKQ=
3,-14,O1Yk0+oqS6BBN+bt7M7zWAQ/Rq0=,9zieGj8jCP9yJtavQ9ullcxoFKQ=
1,-15,O1Yk0+oqS6BBN+bt7M7zWAQ/Rq0=,mmr7YXzbUvVN3KJTKWnz4GcLadE=
4,-15,O1Yk0+oqS6BBN+bt7M7zWAQ/Rq0=,CtWoHT4HCUuN4gXA5YLu3IjKKbw=
3,-15,O1Yk0+oqS6BBN+bt7M7zWAQ/Rq0=,/845G0RSBAWHz8EPPfdXzwZ5AEQ=
4,-14,O1Yk0+oqS6BBN+bt7M7zWAQ/Rq0=,cwcM/NOy43gFiBrROTTK/t+REI4=
2,-15,O1Yk0+oqS6BBN+bt7M7zWAQ/Rq0=,/845G0RSBAWHz8EPPfdXzwZ5AEQ=
3,-11,6+inNnp3A0anFAvKKqrXCHstDTU=,IKqyz86uaIelf6/ZsciemhlT20c=
4,-13,PcibRgdbZRN/1lv9dgAxRb9eZFo=,cwcM/NOy43gFiBrROTTK/t+REI4=
3,-12,PcibRgdbZRN/1lv9dgAxRb9eZFo=,IKqyz86uaIelf6/ZsciemhlT20c=
3,-13,PcibRgdbZRN/1lv9dgAxRb9eZFo=,9zieGj8jCP9yJtavQ9ullcxoFKQ=
4,-10,PcibRgdbZRN/1lv9dgAxRb9eZFo=,2txiwvjZUrtqNNgAk/2pWA4X5hQ=
3,-10,PcibRgdbZRN/1lv9dgAxRb9eZFo=,soNj6Vxcc/IvGeCASJpeprIFodA=
4,-12,PcibRgdbZRN/1lv9dgAxRb9eZFo=,o13oiN13s5RV7rNvgp80+/D62KI=
4,-11,PcibRgdbZRN/1lv9dgAxRb9eZFo=,o13oiN13s5RV7rNvgp80+/D62KI=
5,-12,k69sreGsQv5DSTk/VSXJocAnM9I=,o13oiN13s5RV7rNvgp80+/D62KI=
5,-13,k69sreGsQv5DSTk/VSXJocAnM9I=,cwcM/NOy43gFiBrROTTK/t+REI4=
6,-12,k69sreGsQv5DSTk/VSXJocAnM9I=,HhsKtbwYh13mAfpCB9l0baRPVJI=
5,-10,k69sreGsQv5DSTk/VSXJocAnM9I=,2txiwvjZUrtqNNgAk/2pWA4X5hQ=
6,-11,k69sreGsQv5DSTk/VSXJocAnM9I=,HhsKtbwYh13mAfpCB9l0baRPVJI=
6,-10,k69sreGsQv5DSTk/VSXJocAnM9I=,K45sr9oLyxPhW6/BZ9+PCN9eEJ0=
5,-11,k69sreGsQv5DSTk/VSXJocAnM9I=,o13oiN13s5RV7rNvgp80+/D62KI=
5,-14,k69sreGsQv5DSTk/VSXJocAnM9I=,cwcM/NOy43gFiBrROTTK/t+REI4=
5,-15,k69sreGsQv5DSTk/VSXJocAnM9I=,CtWoHT4HCUuN4gXA5YLu3IjKKbw=
6,-15,k69sreGsQv5DSTk/VSXJocAnM9I=,oSA0BsBHxuKJWI5UiTsWGlOt+/4=
6,-13,k69sreGsQv5DSTk/VSXJocAnM9I=,9sk7CV9sy8/ujTEPOJpjTQpbO28=
6,-14,k69sreGsQv5DSTk/VSXJocAnM9I=,9sk7CV9sy8/ujTEPOJpjTQpbO28=
7,-12,VVflvnbUyziU1F4GJBEFYpx4Sng=,HhsKtbwYh13mAfpCB9l0baRPVJI=
7,-13,VVflvnbUyziU1F4GJBEFYpx4Sng=,9sk7CV9sy8/ujTEPOJpjTQpbO28=
8,-11,VVflvnbUyziU1F4GJBEFYpx4Sng=,Y3ENfwOcM738K4nuWj4raZrMkaM=
8,-10,VVflvnbUyziU1F4GJBEFYpx4Sng=,NGEaVNaNJotLsJImKLsS0DTliMo=
8,-12,VVflvnbUyziU1F4GJBEFYpx4Sng=,Y3ENfwOcM738K4nuWj4raZrMkaM=
7,-11,VVflvnbUyziU1F4GJBEFYpx4Sng=,HhsKtbwYh13mAfpCB9l0baRPVJI=
7,-10,VVflvnbUyziU1F4GJBEFYpx4Sng=,K45sr9oLyxPhW6/BZ9+PCN9eEJ0=
7,-15,VVflvnbUyziU1F4GJBEFYpx4Sng=,oSA0BsBHxuKJWI5UiTsWGlOt+/4=
7,-14,VVflvnbUyziU1F4GJBEFYpx4Sng=,9sk7CV9sy8/ujTEPOJpjTQpbO28=
8,-13,VVflvnbUyziU1F4GJBEFYpx4Sng=,qQlIdSe0j3rNs3SQjtFs34xcFzA=
8,-14,VVflvnbUyziU1F4GJBEFYpx4Sng=,qQlIdSe0j3rNs3SQjtFs34xcFzA=
8,-15,VVflvnbUyziU1F4GJBEFYpx4Sng=,g/c0Ue03Bq1+sK7hz+3EGXjW85Y=
9,-12,6wbiETTanv5oN8pRcHftGZCbUZQ=,Y3ENfwOcM738K4nuWj4raZrMkaM=
9,-13,6wbiETTanv5oN8pRcHftGZCbUZQ=,qQlIdSe0j3rNs3SQjtFs34xcFzA=
10,-13,6wbiETTanv5oN8pRcHftGZCbUZQ=,TWbe5dxw9y2HaTjxduC5K98IqhI=
10,-12,6wbiETTanv5oN8pRcHftGZCbUZQ=,z+m89cNREbE4KtCbsHGqweL04G0=
10,-14,QCNzzTQYRaKueOovKicZtjKqxJ0=,TWbe5dxw9y2HaTjxduC5K98IqhI=
9,-14,slVLLzEWR3yucfu13u150KvdI48=,qQlIdSe0j3rNs3SQjtFs34xcFzA=
9,-15,slVLLzEWR3yucfu13u150KvdI48=,g/c0Ue03Bq1+sK7hz+3EGXjW85Y=
11,-13,slVLLzEWR3yucfu13u150KvdI48=,TWbe5dxw9y2HaTjxduC5K98IqhI=
11,-12,slVLLzEWR3yucfu13u150KvdI48=,z+m89cNREbE4KtCbsHGqweL04G0=
12,-12,slVLLzEWR3yucfu13u150KvdI48=,nboBV/N7qI64swGLg7gKt1FAAuI=
10,-15,slVLLzEWR3yucfu13u150KvdI48=,hZ8WwwM/QA2X9eg6iFGyQDW7rAc=
12,-13,slVLLzEWR3yucfu13u150KvdI48=,JFlfCBK8ap49FpwkXOSwoZQcPX4=
11,-14,OdcmkDSR7xBPpJQNvbz8F0mEizI=,TWbe5dxw9y2HaTjxduC5K98IqhI=
11,-15,OdcmkDSR7xBPpJQNvbz8F0mEizI=,hZ8WwwM/QA2X9eg6iFGyQDW7rAc=
12,-14,ph92wxtJ+VQ/Z86a0iWYI0NMlHo=,JFlfCBK8ap49FpwkXOSwoZQcPX4=
12,-15,ph92wxtJ+VQ/Z86a0iWYI0NMlHo=,kvLr8CkMF807n7TAskjHpIv9VRM=
14,-12,8ZIDZh/rR6jBSOLg/b1dnkk52do=,OK/LQ7lQCs9bvRsdcuHi85Fl9Ts=
13,-12,8ZIDZh/rR6jBSOLg/b1dnkk52do=,nboBV/N7qI64swGLg7gKt1FAAuI=
13,-13,8ZIDZh/rR6jBSOLg/b1dnkk52do=,JFlfCBK8ap49FpwkXOSwoZQcPX4=
14,-13,8ZIDZh/rR6jBSOLg/b1dnkk52do=,5uf0Meud8W8mD8fYs1+ajI+PWnI=
14,-15,6uBdgbkzP/woEP+dOlxLWaBLz54=,2djTD+b7GrG6MWNBgm0hVpbMsmM=
13,-15,6uBdgbkzP/woEP+dOlxLWaBLz54=,kvLr8CkMF807n7TAskjHpIv9VRM=
13,-14,6uBdgbkzP/woEP+dOlxLWaBLz54=,JFlfCBK8ap49FpwkXOSwoZQcPX4=
14,-14,6uBdgbkzP/woEP+dOlxLWaBLz54=,5uf0Meud8W8mD8fYs1+ajI+PWnI=
14,-10,yFEnVWPr3asipHlpU6B6jMCakHU=,80nLfdzgirB/8QqF2572snnHJeQ=
14,-11,yFEnVWPr3asipHlpU6B6jMCakHU=,OK/LQ7lQCs9bvRsdcuHi85Fl9Ts=
13,-10,yFEnVWPr3asipHlpU6B6jMCakHU=,RlcTjiMDkNLRIDTNRERgj0UBFk4=
13,-11,yFEnVWPr3asipHlpU6B6jMCakHU=,nboBV/N7qI64swGLg7gKt1FAAuI=
12,-11,yFEnVWPr3asipHlpU6B6jMCakHU=,nboBV/N7qI64swGLg7gKt1FAAuI=
10,-9,b2sZVugSYRFs4EtHNQsLuva7X/E=,sm1exxM177XdUSrrXdbDcaOdk2s=
12,-10,b2sZVugSYRFs4EtHNQsLuva7X/E=,RlcTjiMDkNLRIDTNRERgj0UBFk4=
9,-8,b2sZVugSYRFs4EtHNQsLuva7X/E=,cZ1gpgRJU9R3/Zw8MCONUeNrkQA=
9,-9,b2sZVugSYRFs4EtHNQsLuva7X/E=,NGEaVNaNJotLsJImKLsS0DTliMo=
9,-11,b2sZVugSYRFs4EtHNQsLuva7X/E=,Y3ENfwOcM738K4nuWj4raZrMkaM=
11,-9,b2sZVugSYRFs4EtHNQsLuva7X/E=,sm1exxM177XdUSrrXdbDcaOdk2s=
9,-10,b2sZVugSYRFs4EtHNQsLuva7X/E=,NGEaVNaNJotLsJImKLsS0DTliMo=
11,-11,b2sZVugSYRFs4EtHNQsLuva7X/E=,z+m89cNREbE4KtCbsHGqweL04G0=
10,-8,b2sZVugSYRFs4EtHNQsLuva7X/E=,iOESGlJ7KtnrY7tAHxP8qAZ02Gk=
10,-11,b2sZVugSYRFs4EtHNQsLuva7X/E=,z+m89cNREbE4KtCbsHGqweL04G0=
12,-9,b2sZVugSYRFs4EtHNQsLuva7X/E=,RlcTjiMDkNLRIDTNRERgj0UBFk4=
10,-10,b2sZVugSYRFs4EtHNQsLuva7X/E=,sm1exxM177XdUSrrXdbDcaOdk2s=
11,-10,b2sZVugSYRFs4EtHNQsLuva7X/E=,sm1exxM177XdUSrrXdbDcaOdk2s=
11,-8,b2sZVugSYRFs4EtHNQsLuva7X/E=,iOESGlJ7KtnrY7tAHxP8qAZ02Gk=
12,-8,b2sZVugSYRFs4EtHNQsLuva7X/E=,qhrjokzk6iSDrpd3k3U+SelEHH0=
13,-8,HFuXJn0dKTztejpkDRNtK6yzD/w=,qhrjokzk6iSDrpd3k3U+SelEHH0=
13,-9,HFuXJn0dKTztejpkDRNtK6yzD/w=,RlcTjiMDkNLRIDTNRERgj0UBFk4=
14,-9,HFuXJn0dKTztejpkDRNtK6yzD/w=,80nLfdzgirB/8QqF2572snnHJeQ=
14,-8,HFuXJn0dKTztejpkDRNtK6yzD/w=,9K861JftxtritLQIhii3ezEbMVE=
11,-6,g903wvjpNeZ4MOPHami0jKebWNM=,6f7QBUnp1KYAh8Cyn0clfCoKEpo=
12,-6,g903wvjpNeZ4MOPHami0jKebWNM=,I3DPX5kUB/9x6fGlUSj7Qr/5Dr0=
12,-7,g903wvjpNeZ4MOPHami0jKebWNM=,qhrjokzk6iSDrpd3k3U+SelEHH0=
13,-6,g903wvjpNeZ4MOPHami0jKebWNM=,I3DPX5kUB/9x6fGlUSj7Qr/5Dr0=
13,-7,g903wvjpNeZ4MOPHami0jKebWNM=,qhrjokzk6iSDrpd3k3U+SelEHH0=
11,-7,g903wvjpNeZ4MOPHami0jKebWNM=,iOESGlJ7KtnrY7tAHxP8qAZ02Gk=
14,-7,g903wvjpNeZ4MOPHami0jKebWNM=,9K861JftxtritLQIhii3ezEbMVE=
14,-6,g903wvjpNeZ4MOPHami0jKebWNM=,QA3vbXeqiouz/K27WIemi/+r5KE=
14,-5,nv1hkWtPJ+FCZGRRl2yti8Ju9v0=,QA3vbXeqiouz/K27WIemi/+r5KE=
13,-5,nv1hkWtPJ+FCZGRRl2yti8Ju9v0=,I3DPX5kUB/9x6fGlUSj7Qr/5Dr0=
13,-4,nv1hkWtPJ+FCZGRRl2yti8Ju9v0=,rct6B6xYy4b1O8kmD00fMLAQ1lw=
14,-4,nv1hkWtPJ+FCZGRRl2yti8Ju9v0=,9ik8JJtVeqkvRVA1jsMJPBjwEB8=
11,-5,442sDi2KB9SXa70lX5OI0H4opxQ=,6f7QBUnp1KYAh8Cyn0clfCoKEpo=
12,-5,442sDi2KB9SXa70lX5OI0H4opxQ=,I3DPX5kUB/9x6fGlUSj7Qr/5Dr0=
9,-5,442sDi2KB9SXa70lX5OI0H4opxQ=,EW+jqz0FF5PsO7+w9mWHXNutCug=
10,-4,442sDi2KB9SXa70lX5OI0H4opxQ=,0KK6eLrzBVW35QXEJiYoEMJ5SSI=
11,-4,+xMeujJqBk+IVzzGgiJs4/zPJCw=,0KK6eLrzBVW35QXEJiYoEMJ5SSI=
10,-5,+xMeujJqBk+IVzzGgiJs4/zPJCw=,6f7QBUnp1KYAh8Cyn0clfCoKEpo=
9,-4,+xMeujJqBk+IVzzGgiJs4/zPJCw=,YYjk4hrQcfscgPwLgdHZrF9trKU=
12,-4,+xMeujJqBk+IVzzGgiJs4/zPJCw=,rct6B6xYy4b1O8kmD00fMLAQ1lw=
10,-3,+xMeujJqBk+IVzzGgiJs4/zPJCw=,0KK6eLrzBVW35QXEJiYoEMJ5SSI=
9,-2,+xMeujJqBk+IVzzGgiJs4/zPJCw=,yeDVfDgsOacydhi8ZSqq9p6Zv40=
12,-3,+xMeujJqBk+IVzzGgiJs4/zPJCw=,rct6B6xYy4b1O8kmD00fMLAQ1lw=
11,-3,+xMeujJqBk+IVzzGgiJs4/zPJCw=,0KK6eLrzBVW35QXEJiYoEMJ5SSI=
9,-3,+xMeujJqBk+IVzzGgiJs4/zPJCw=,YYjk4hrQcfscgPwLgdHZrF9trKU=
10,-2,+xMeujJqBk+IVzzGgiJs4/zPJCw=,d9pB5tZG442LmpzcEG9Jp3EgMlA=
12,-2,+xMeujJqBk+IVzzGgiJs4/zPJCw=,QOUYAAEQ/7vHgiY3b6T1Wdph+zo=
11,-2,+xMeujJqBk+IVzzGgiJs4/zPJCw=,d9pB5tZG442LmpzcEG9Jp3EgMlA=
11,-1,mCViUUrmdoPeWX7FOUhdeDgGaSs=,d9pB5tZG442LmpzcEG9Jp3EgMlA=
12,-1,mCViUUrmdoPeWX7FOUhdeDgGaSs=,QOUYAAEQ/7vHgiY3b6T1Wdph+zo=
13,-3,mCViUUrmdoPeWX7FOUhdeDgGaSs=,rct6B6xYy4b1O8kmD00fMLAQ1lw=
13,-2,mCViUUrmdoPeWX7FOUhdeDgGaSs=,QOUYAAEQ/7vHgiY3b6T1Wdph+zo=
14,-3,mCViUUrmdoPeWX7FOUhdeDgGaSs=,9ik8JJtVeqkvRVA1jsMJPBjwEB8=
14,-2,mCViUUrmdoPeWX7FOUhdeDgGaSs=,L0q7GdxYtDwt6P41E3nvbPbbKww=
14,-1,aOxd3Rx0qP+X1QsscEmoAZEx3xI=,L0q7GdxYtDwt6P41E3nvbPbbKww=
15,-3,aOxd3Rx0qP+X1QsscEmoAZEx3xI=,9ik8JJtVeqkvRVA1jsMJPBjwEB8=
15,-5,aOxd3Rx0qP+X1QsscEmoAZEx3xI=,QA3vbXeqiouz/K27WIemi/+r5KE=
13,-1,aOxd3Rx0qP+X1QsscEmoAZEx3xI=,QOUYAAEQ/7vHgiY3b6T1Wdph+zo=
15,-7,aOxd3Rx0qP+X1QsscEmoAZEx3xI=,9K861JftxtritLQIhii3ezEbMVE=
15,-6,aOxd3Rx0qP+X1QsscEmoAZEx3xI=,QA3vbXeqiouz/K27WIemi/+r5KE=
15,-2,aOxd3Rx0qP+X1QsscEmoAZEx3xI=,L0q7GdxYtDwt6P41E3nvbPbbKww=
15,-4,aOxd3Rx0qP+X1QsscEmoAZEx3xI=,9ik8JJtVeqkvRVA1jsMJPBjwEB8=
15,-8,JQPaogg7k8iy4axz4EMrT/FYFis=,9K861JftxtritLQIhii3ezEbMVE=
15,-9,JQPaogg7k8iy4axz4EMrT/FYFis=,80nLfdzgirB/8QqF2572snnHJeQ=
15,-11,JQPaogg7k8iy4axz4EMrT/FYFis=,OK/LQ7lQCs9bvRsdcuHi85Fl9Ts=
15,-10,JQPaogg7k8iy4axz4EMrT/FYFis=,80nLfdzgirB/8QqF2572snnHJeQ=
15,-13,JQPaogg7k8iy4axz4EMrT/FYFis=,5uf0Meud8W8mD8fYs1+ajI+PWnI=
15,-15,JQPaogg7k8iy4axz4EMrT/FYFis=,2djTD+b7GrG6MWNBgm0hVpbMsmM=
15,-12,JQPaogg7k8iy4axz4EMrT/FYFis=,OK/LQ7lQCs9bvRsdcuHi85Fl9Ts=
15,-14,JQPaogg7k8iy4axz4EMrT/FYFis=,5uf0Meud8W8mD8fYs1+ajI+PWnI=
11,-16,o4v+xAVl84w3sxlWTvbavl5KuVY=,hZ8WwwM/QA2X9eg6iFGyQDW7rAc=
10,-16,o4v+xAVl84w3sxlWTvbavl5KuVY=,hZ8WwwM/QA2X9eg6iFGyQDW7rAc=
14,-16,o4v+xAVl84w3sxlWTvbavl5KuVY=,2djTD+b7GrG6MWNBgm0hVpbMsmM=
9,-16,o4v+xAVl84w3sxlWTvbavl5KuVY=,g/c0Ue03Bq1+sK7hz+3EGXjW85Y=
12,-16,o4v+xAVl84w3sxlWTvbavl5KuVY=,kvLr8CkMF807n7TAskjHpIv9VRM=
13,-16,o4v+xAVl84w3sxlWTvbavl5KuVY=,kvLr8CkMF807n7TAskjHpIv9VRM=
2,-16,CAwzihkNE7ze5i2w/F5rQJMglCE=,/845G0RSBAWHz8EPPfdXzwZ5AEQ=
3,-16,CAwzihkNE7ze5i2w/F5rQJMglCE=,/845G0RSBAWHz8EPPfdXzwZ5AEQ=
5,-16,CAwzihkNE7ze5i2w/F5rQJMglCE=,CtWoHT4HCUuN4gXA5YLu3IjKKbw=
4,-16,CAwzihkNE7ze5i2w/F5rQJMglCE=,CtWoHT4HCUuN4gXA5YLu3IjKKbw=
7,-16,CAwzihkNE7ze5i2w/F5rQJMglCE=,oSA0BsBHxuKJWI5UiTsWGlOt+/4=
1,-16,CAwzihkNE7ze5i2w/F5rQJMglCE=,mmr7YXzbUvVN3KJTKWnz4GcLadE=
6,-16,CAwzihkNE7ze5i2w/F5rQJMglCE=,oSA0BsBHxuKJWI5UiTsWGlOt+/4=
8,-16,CAwzihkNE7ze5i2w/F5rQJMglCE=,g/c0Ue03Bq1+sK7hz+3EGXjW85Y=
0,-14,OnXrFg4dhOu3TW728dc8OveNiyE=,0aaIpZDkAJNn8QYAHPKrnngMBqA=
0,-15,OnXrFg4dhOu3TW728dc8OveNiyE=,mmr7YXzbUvVN3KJTKWnz4GcLadE=
0,-13,OnXrFg4dhOu3TW728dc8OveNiyE=,0aaIpZDkAJNn8QYAHPKrnngMBqA=
0,-12,OnXrFg4dhOu3TW728dc8OveNiyE=,8pPtx1QGPjpjpbklyxcirqRcRSY=
0,-10,OnXrFg4dhOu3TW728dc8OveNiyE=,bAyGsKEel11yXBQ7/lCvf7XnvH0=
0,-11,OnXrFg4dhOu3TW728dc8OveNiyE=,8pPtx1QGPjpjpbklyxcirqRcRSY=
0,-8,4z2xoDCca/4I29L8u6w455FlOog=,RyMYBNd2ZAT4x5WoHlSvp8VR3Bo=
0,-9,4z2xoDCca/4I29L8u6w455FlOog=,bAyGsKEel11yXBQ7/lCvf7XnvH0=
2,-4,6GqDKiJPgfIaknenC0gCAclFz6c=,zI65muavJ3zxYUdBA+u31icTR8A=
1,-7,6GqDKiJPgfIaknenC0gCAclFz6c=,RyMYBNd2ZAT4x5WoHlSvp8VR3Bo=
2,-5,6GqDKiJPgfIaknenC0gCAclFz6c=,R8oE2o/XMFCoQocKewuy7IFYHoU=
2,-6,6GqDKiJPgfIaknenC0gCAclFz6c=,R8oE2o/XMFCoQocKewuy7IFYHoU=
1,-6,6GqDKiJPgfIaknenC0gCAclFz6c=,zqXT8K7y3NPjQlEz0LeZp6Xtet0=
1,-5,6GqDKiJPgfIaknenC0gCAclFz6c=,zqXT8K7y3NPjQlEz0LeZp6Xtet0=
1,-4,6GqDKiJPgfIaknenC0gCAclFz6c=,sC3MpFuczantn9pn+DOeNvdz44g=
2,-7,6GqDKiJPgfIaknenC0gCAclFz6c=,j79pQZtc7h1Xk34ntzs44YdzpDM=
3,-6,6GqDKiJPgfIaknenC0gCAclFz6c=,R8oE2o/XMFCoQocKewuy7IFYHoU=
4,-4,6GqDKiJPgfIaknenC0gCAclFz6c=,dBkYFOJPlw7zRezgoIfIOm7eodU=
4,-6,6GqDKiJPgfIaknenC0gCAclFz6c=,kmEm7rQtgtfh4rJ92NCqNV+OPwM=
4,-5,6GqDKiJPgfIaknenC0gCAclFz6c=,kmEm7rQtgtfh4rJ92NCqNV+OPwM=
3,-5,6GqDKiJPgfIaknenC0gCAclFz6c=,R8oE2o/XMFCoQocKewuy7IFYHoU=
3,-4,6GqDKiJPgfIaknenC0gCAclFz6c=,zI65muavJ3zxYUdBA+u31icTR8A=
4,-7,6GqDKiJPgfIaknenC0gCAclFz6c=,Ry+tj8G3YhW1Ray8OR44hPRtmOI=
3,-7,6GqDKiJPgfIaknenC0gCAclFz6c=,j79pQZtc7h1Xk34ntzs44YdzpDM=
8,-4,PReTcV4OVbeSHiPl05HTxcjJEpQ=,YYjk4hrQcfscgPwLgdHZrF9trKU=
8,-7,PReTcV4OVbeSHiPl05HTxcjJEpQ=,cZ1gpgRJU9R3/Zw8MCONUeNrkQA=
8,-6,PReTcV4OVbeSHiPl05HTxcjJEpQ=,EW+jqz0FF5PsO7+w9mWHXNutCug=
5,-4,Y4+pATdENWo8uCXBteTtb+mlrvs=,dBkYFOJPlw7zRezgoIfIOm7eodU=
7,-4,Y4+pATdENWo8uCXBteTtb+mlrvs=,myHbXltvI7NfE6DWBzfbJp+kLlk=
8,-5,Y4+pATdENWo8uCXBteTtb+mlrvs=,EW+jqz0FF5PsO7+w9mWHXNutCug=
6,-4,Y4+pATdENWo8uCXBteTtb+mlrvs=,myHbXltvI7NfE6DWBzfbJp+kLlk=
5,-7,Y4+pATdENWo8uCXBteTtb+mlrvs=,Ry+tj8G3YhW1Ray8OR44hPRtmOI=
6,-6,Y4+pATdENWo8uCXBteTtb+mlrvs=,K0I/ckCIgnGZz5pTAaPYmAc/atI=
7,-6,Y4+pATdENWo8uCXBteTtb+mlrvs=,K0I/ckCIgnGZz5pTAaPYmAc/atI=
5,-5,Y4+pATdENWo8uCXBteTtb+mlrvs=,kmEm7rQtgtfh4rJ92NCqNV+OPwM=
7,-5,Y4+pATdENWo8uCXBteTtb+mlrvs=,K0I/ckCIgnGZz5pTAaPYmAc/atI=
6,-5,Y4+pATdENWo8uCXBteTtb+mlrvs=,K0I/ckCIgnGZz5pTAaPYmAc/atI=
6,-7,Y4+pATdENWo8uCXBteTtb+mlrvs=,exxuk/NrVxfGQXEPIKZaBE4ZSJ8=
7,-7,Y4+pATdENWo8uCXBteTtb+mlrvs=,exxuk/NrVxfGQXEPIKZaBE4ZSJ8=
0,-5,Y4+pATdENWo8uCXBteTtb+mlrvs=,zqXT8K7y3NPjQlEz0LeZp6Xtet0=
0,-4,Y4+pATdENWo8uCXBteTtb+mlrvs=,sC3MpFuczantn9pn+DOeNvdz44g=
5,-6,Y4+pATdENWo8uCXBteTtb+mlrvs=,kmEm7rQtgtfh4rJ92NCqNV+OPwM=
0,-6,Y4+pATdENWo8uCXBteTtb+mlrvs=,zqXT8K7y3NPjQlEz0LeZp6Xtet0=
0,-3,Y4+pATdENWo8uCXBteTtb+mlrvs=,sC3MpFuczantn9pn+DOeNvdz44g=
0,-7,Y4+pATdENWo8uCXBteTtb+mlrvs=,RyMYBNd2ZAT4x5WoHlSvp8VR3Bo=
0,-2,Y4+pATdENWo8uCXBteTtb+mlrvs=,JuN3oyKXEas0rUhxfKP+M/sfyOY=
0,-1,+hpycnN39GWoNMdbIpo6mCDT1qw=,JuN3oyKXEas0rUhxfKP+M/sfyOY=
7,-1,QEDbC2x8n5rEGxDACIX3VmzFH/c=,e2LxT1qOZyHuwI3uZXn6mBEX2Qw=
6,-1,QEDbC2x8n5rEGxDACIX3VmzFH/c=,e2LxT1qOZyHuwI3uZXn6mBEX2Qw=
10,-1,QEDbC2x8n5rEGxDACIX3VmzFH/c=,d9pB5tZG442LmpzcEG9Jp3EgMlA=
9,-1,QEDbC2x8n5rEGxDACIX3VmzFH/c=,yeDVfDgsOacydhi8ZSqq9p6Zv40=
8,-1,QEDbC2x8n5rEGxDACIX3VmzFH/c=,yeDVfDgsOacydhi8ZSqq9p6Zv40=
5,-1,QEDbC2x8n5rEGxDACIX3VmzFH/c=,WImTKB3L1lTG45Swx0wWw4qeFmE=
4,-1,esDhG9jTfeRTaAPArUfPjmhPj9w=,WImTKB3L1lTG45Swx0wWw4qeFmE=
0,-16,esDhG9jTfeRTaAPArUfPjmhPj9w=,mmr7YXzbUvVN3KJTKWnz4GcLadE=
3,-1,esDhG9jTfeRTaAPArUfPjmhPj9w=,A48Po2AyOliaZb7Da09Y5mCAlvc=
15,-1,esDhG9jTfeRTaAPArUfPjmhPj9w=,L0q7GdxYtDwt6P41E3nvbPbbKww=
15,-16,esDhG9jTfeRTaAPArUfPjmhPj9w=,2djTD+b7GrG6MWNBgm0hVpbMsmM=
2,-1,esDhG9jTfeRTaAPArUfPjmhPj9w=,A48Po2AyOliaZb7Da09Y5mCAlvc=
1,-1,esDhG9jTfeRTaAPArUfPjmhPj9w=,JuN3oyKXEas0rUhxfKP+M/sfyOY=
